NC_003468.2	1	0
NC_003468.2	2	0
NC_003468.2	3	0
NC_003468.2	4	0
NC_003468.2	5	0
NC_003468.2	6	0
NC_003468.2	7	0
NC_003468.2	8	0
NC_003468.2	9	0
NC_003468.2	10	0
NC_003468.2	11	0
NC_003468.2	12	0
NC_003468.2	13	0
NC_003468.2	14	0
NC_003468.2	15	0
NC_003468.2	16	0
NC_003468.2	17	0
NC_003468.2	18	0
NC_003468.2	19	0
NC_003468.2	20	0
NC_003468.2	21	0
NC_003468.2	22	0
NC_003468.2	23	0
NC_003468.2	24	0
NC_003468.2	25	0
NC_003468.2	26	0
NC_003468.2	27	0
NC_003468.2	28	0
NC_003468.2	29	0
NC_003468.2	30	0
NC_003468.2	31	0
NC_003468.2	32	0
NC_003468.2	33	0
NC_003468.2	34	0
NC_003468.2	35	0
NC_003468.2	36	0
NC_003468.2	37	0
NC_003468.2	38	0
NC_003468.2	39	0
NC_003468.2	40	0
NC_003468.2	41	0
NC_003468.2	42	0
NC_003468.2	43	0
NC_003468.2	44	0
NC_003468.2	45	0
NC_003468.2	46	0
NC_003468.2	47	0
NC_003468.2	48	0
NC_003468.2	49	0
NC_003468.2	50	0
NC_003468.2	51	0
NC_003468.2	52	0
NC_003468.2	53	0
NC_003468.2	54	0
NC_003468.2	55	0
NC_003468.2	56	0
NC_003468.2	57	0
NC_003468.2	58	0
NC_003468.2	59	0
NC_003468.2	60	0
NC_003468.2	61	0
NC_003468.2	62	0
NC_003468.2	63	0
NC_003468.2	64	0
NC_003468.2	65	0
NC_003468.2	66	0
NC_003468.2	67	0
NC_003468.2	68	0
NC_003468.2	69	0
NC_003468.2	70	0
NC_003468.2	71	0
NC_003468.2	72	0
NC_003468.2	73	0
NC_003468.2	74	0
NC_003468.2	75	0
NC_003468.2	76	0
NC_003468.2	77	0
NC_003468.2	78	0
NC_003468.2	79	0
NC_003468.2	80	0
NC_003468.2	81	0
NC_003468.2	82	0
NC_003468.2	83	0
NC_003468.2	84	0
NC_003468.2	85	4
NC_003468.2	86	4
NC_003468.2	87	4
NC_003468.2	88	4
NC_003468.2	89	4
NC_003468.2	90	25
NC_003468.2	91	25
NC_003468.2	92	25
NC_003468.2	93	25
NC_003468.2	94	27
NC_003468.2	95	27
NC_003468.2	96	67
NC_003468.2	97	68
NC_003468.2	98	68
NC_003468.2	99	68
NC_003468.2	100	68
NC_003468.2	101	76
NC_003468.2	102	77
NC_003468.2	103	78
NC_003468.2	104	78
NC_003468.2	105	78
NC_003468.2	106	87
NC_003468.2	107	87
NC_003468.2	108	88
NC_003468.2	109	88
NC_003468.2	110	88
NC_003468.2	111	99
NC_003468.2	112	99
NC_003468.2	113	99
NC_003468.2	114	102
NC_003468.2	115	102
NC_003468.2	116	104
NC_003468.2	117	105
NC_003468.2	118	105
NC_003468.2	119	112
NC_003468.2	120	116
NC_003468.2	121	116
NC_003468.2	122	116
NC_003468.2	123	117
NC_003468.2	124	125
NC_003468.2	125	133
NC_003468.2	126	133
NC_003468.2	127	134
NC_003468.2	128	134
NC_003468.2	129	134
NC_003468.2	130	136
NC_003468.2	131	136
NC_003468.2	132	137
NC_003468.2	133	138
NC_003468.2	134	140
NC_003468.2	135	142
NC_003468.2	136	142
NC_003468.2	137	142
NC_003468.2	138	142
NC_003468.2	139	144
NC_003468.2	140	145
NC_003468.2	141	145
NC_003468.2	142	145
NC_003468.2	143	147
NC_003468.2	144	147
NC_003468.2	145	147
NC_003468.2	146	146
NC_003468.2	147	147
NC_003468.2	148	147
NC_003468.2	149	149
NC_003468.2	150	151
NC_003468.2	151	151
NC_003468.2	152	152
NC_003468.2	153	152
NC_003468.2	154	152
NC_003468.2	155	152
NC_003468.2	156	153
NC_003468.2	157	154
NC_003468.2	158	162
NC_003468.2	159	162
NC_003468.2	160	162
NC_003468.2	161	164
NC_003468.2	162	165
NC_003468.2	163	165
NC_003468.2	164	166
NC_003468.2	165	166
NC_003468.2	166	166
NC_003468.2	167	169
NC_003468.2	168	169
NC_003468.2	169	169
NC_003468.2	170	169
NC_003468.2	171	169
NC_003468.2	172	169
NC_003468.2	173	169
NC_003468.2	174	169
NC_003468.2	175	169
NC_003468.2	176	174
NC_003468.2	177	175
NC_003468.2	178	176
NC_003468.2	179	176
NC_003468.2	180	179
NC_003468.2	181	180
NC_003468.2	182	180
NC_003468.2	183	181
NC_003468.2	184	179
NC_003468.2	185	179
NC_003468.2	186	179
NC_003468.2	187	180
NC_003468.2	188	180
NC_003468.2	189	185
NC_003468.2	190	185
NC_003468.2	191	185
NC_003468.2	192	189
NC_003468.2	193	189
NC_003468.2	194	191
NC_003468.2	195	191
NC_003468.2	196	191
NC_003468.2	197	191
NC_003468.2	198	191
NC_003468.2	199	192
NC_003468.2	200	195
NC_003468.2	201	194
NC_003468.2	202	195
NC_003468.2	203	195
NC_003468.2	204	195
NC_003468.2	205	197
NC_003468.2	206	197
NC_003468.2	207	199
NC_003468.2	208	197
NC_003468.2	209	197
NC_003468.2	210	197
NC_003468.2	211	197
NC_003468.2	212	197
NC_003468.2	213	197
NC_003468.2	214	197
NC_003468.2	215	197
NC_003468.2	216	197
NC_003468.2	217	197
NC_003468.2	218	197
NC_003468.2	219	197
NC_003468.2	220	197
NC_003468.2	221	199
NC_003468.2	222	199
NC_003468.2	223	201
NC_003468.2	224	201
NC_003468.2	225	201
NC_003468.2	226	201
NC_003468.2	227	201
NC_003468.2	228	208
NC_003468.2	229	208
NC_003468.2	230	208
NC_003468.2	231	208
NC_003468.2	232	210
NC_003468.2	233	214
NC_003468.2	234	218
NC_003468.2	235	218
NC_003468.2	236	219
NC_003468.2	237	217
NC_003468.2	238	217
NC_003468.2	239	217
NC_003468.2	240	217
NC_003468.2	241	256
NC_003468.2	242	254
NC_003468.2	243	252
NC_003468.2	244	252
NC_003468.2	245	250
NC_003468.2	246	255
NC_003468.2	247	255
NC_003468.2	248	255
NC_003468.2	249	255
NC_003468.2	250	214
NC_003468.2	251	217
NC_003468.2	252	228
NC_003468.2	253	230
NC_003468.2	254	230
NC_003468.2	255	226
NC_003468.2	256	226
NC_003468.2	257	226
NC_003468.2	258	228
NC_003468.2	259	229
NC_003468.2	260	231
NC_003468.2	261	229
NC_003468.2	262	227
NC_003468.2	263	227
NC_003468.2	264	228
NC_003468.2	265	238
NC_003468.2	266	248
NC_003468.2	267	248
NC_003468.2	268	248
NC_003468.2	269	242
NC_003468.2	270	255
NC_003468.2	271	256
NC_003468.2	272	256
NC_003468.2	273	260
NC_003468.2	274	258
NC_003468.2	275	262
NC_003468.2	276	262
NC_003468.2	277	262
NC_003468.2	278	262
NC_003468.2	279	254
NC_003468.2	280	256
NC_003468.2	281	256
NC_003468.2	282	256
NC_003468.2	283	259
NC_003468.2	284	259
NC_003468.2	285	259
NC_003468.2	286	260
NC_003468.2	287	260
NC_003468.2	288	260
NC_003468.2	289	261
NC_003468.2	290	261
NC_003468.2	291	261
NC_003468.2	292	256
NC_003468.2	293	256
NC_003468.2	294	255
NC_003468.2	295	255
NC_003468.2	296	252
NC_003468.2	297	252
NC_003468.2	298	252
NC_003468.2	299	251
NC_003468.2	300	251
NC_003468.2	301	251
NC_003468.2	302	251
NC_003468.2	303	254
NC_003468.2	304	257
NC_003468.2	305	257
NC_003468.2	306	257
NC_003468.2	307	259
NC_003468.2	308	259
NC_003468.2	309	259
NC_003468.2	310	259
NC_003468.2	311	259
NC_003468.2	312	259
NC_003468.2	313	259
NC_003468.2	314	257
NC_003468.2	315	259
NC_003468.2	316	259
NC_003468.2	317	259
NC_003468.2	318	263
NC_003468.2	319	265
NC_003468.2	320	265
NC_003468.2	321	268
NC_003468.2	322	268
NC_003468.2	323	268
NC_003468.2	324	268
NC_003468.2	325	268
NC_003468.2	326	263
NC_003468.2	327	257
NC_003468.2	328	251
NC_003468.2	329	264
NC_003468.2	330	274
NC_003468.2	331	275
NC_003468.2	332	275
NC_003468.2	333	275
NC_003468.2	334	276
NC_003468.2	335	274
NC_003468.2	336	277
NC_003468.2	337	275
NC_003468.2	338	261
NC_003468.2	339	261
NC_003468.2	340	261
NC_003468.2	341	258
NC_003468.2	342	262
NC_003468.2	343	262
NC_003468.2	344	262
NC_003468.2	345	262
NC_003468.2	346	263
NC_003468.2	347	263
NC_003468.2	348	265
NC_003468.2	349	266
NC_003468.2	350	267
NC_003468.2	351	269
NC_003468.2	352	269
NC_003468.2	353	267
NC_003468.2	354	268
NC_003468.2	355	267
NC_003468.2	356	272
NC_003468.2	357	274
NC_003468.2	358	274
NC_003468.2	359	277
NC_003468.2	360	278
NC_003468.2	361	278
NC_003468.2	362	278
NC_003468.2	363	278
NC_003468.2	364	278
NC_003468.2	365	276
NC_003468.2	366	276
NC_003468.2	367	268
NC_003468.2	368	270
NC_003468.2	369	270
NC_003468.2	370	271
NC_003468.2	371	271
NC_003468.2	372	271
NC_003468.2	373	267
NC_003468.2	374	266
NC_003468.2	375	266
NC_003468.2	376	270
NC_003468.2	377	266
NC_003468.2	378	266
NC_003468.2	379	266
NC_003468.2	380	262
NC_003468.2	381	261
NC_003468.2	382	261
NC_003468.2	383	263
NC_003468.2	384	263
NC_003468.2	385	263
NC_003468.2	386	261
NC_003468.2	387	260
NC_003468.2	388	258
NC_003468.2	389	258
NC_003468.2	390	258
NC_003468.2	391	258
NC_003468.2	392	260
NC_003468.2	393	258
NC_003468.2	394	273
NC_003468.2	395	273
NC_003468.2	396	273
NC_003468.2	397	272
NC_003468.2	398	272
NC_003468.2	399	273
NC_003468.2	400	273
NC_003468.2	401	273
NC_003468.2	402	273
NC_003468.2	403	248
NC_003468.2	404	248
NC_003468.2	405	246
NC_003468.2	406	246
NC_003468.2	407	245
NC_003468.2	408	245
NC_003468.2	409	245
NC_003468.2	410	245
NC_003468.2	411	245
NC_003468.2	412	243
NC_003468.2	413	245
NC_003468.2	414	245
NC_003468.2	415	244
NC_003468.2	416	247
NC_003468.2	417	246
NC_003468.2	418	245
NC_003468.2	419	245
NC_003468.2	420	244
NC_003468.2	421	244
NC_003468.2	422	243
NC_003468.2	423	243
NC_003468.2	424	243
NC_003468.2	425	235
NC_003468.2	426	234
NC_003468.2	427	234
NC_003468.2	428	237
NC_003468.2	429	236
NC_003468.2	430	236
NC_003468.2	431	236
NC_003468.2	432	239
NC_003468.2	433	239
NC_003468.2	434	239
NC_003468.2	435	239
NC_003468.2	436	239
NC_003468.2	437	237
NC_003468.2	438	237
NC_003468.2	439	237
NC_003468.2	440	237
NC_003468.2	441	236
NC_003468.2	442	235
NC_003468.2	443	235
NC_003468.2	444	231
NC_003468.2	445	231
NC_003468.2	446	231
NC_003468.2	447	231
NC_003468.2	448	231
NC_003468.2	449	231
NC_003468.2	450	231
NC_003468.2	451	229
NC_003468.2	452	228
NC_003468.2	453	228
NC_003468.2	454	228
NC_003468.2	455	228
NC_003468.2	456	228
NC_003468.2	457	228
NC_003468.2	458	228
NC_003468.2	459	232
NC_003468.2	460	233
NC_003468.2	461	233
NC_003468.2	462	233
NC_003468.2	463	225
NC_003468.2	464	225
NC_003468.2	465	226
NC_003468.2	466	226
NC_003468.2	467	226
NC_003468.2	468	211
NC_003468.2	469	210
NC_003468.2	470	209
NC_003468.2	471	211
NC_003468.2	472	213
NC_003468.2	473	212
NC_003468.2	474	209
NC_003468.2	475	209
NC_003468.2	476	204
NC_003468.2	477	200
NC_003468.2	478	208
NC_003468.2	479	201
NC_003468.2	480	205
NC_003468.2	481	199
NC_003468.2	482	199
NC_003468.2	483	200
NC_003468.2	484	194
NC_003468.2	485	194
NC_003468.2	486	194
NC_003468.2	487	192
NC_003468.2	488	189
NC_003468.2	489	183
NC_003468.2	490	184
NC_003468.2	491	184
NC_003468.2	492	184
NC_003468.2	493	186
NC_003468.2	494	179
NC_003468.2	495	174
NC_003468.2	496	162
NC_003468.2	497	149
NC_003468.2	498	149
NC_003468.2	499	149
NC_003468.2	500	149
NC_003468.2	501	149
NC_003468.2	502	137
NC_003468.2	503	137
NC_003468.2	504	134
NC_003468.2	505	134
NC_003468.2	506	133
NC_003468.2	507	134
NC_003468.2	508	133
NC_003468.2	509	133
NC_003468.2	510	132
NC_003468.2	511	132
NC_003468.2	512	132
NC_003468.2	513	132
NC_003468.2	514	140
NC_003468.2	515	143
NC_003468.2	516	149
NC_003468.2	517	149
NC_003468.2	518	151
NC_003468.2	519	151
NC_003468.2	520	151
NC_003468.2	521	151
NC_003468.2	522	151
NC_003468.2	523	151
NC_003468.2	524	147
NC_003468.2	525	148
NC_003468.2	526	148
NC_003468.2	527	146
NC_003468.2	528	146
NC_003468.2	529	151
NC_003468.2	530	150
NC_003468.2	531	148
NC_003468.2	532	144
NC_003468.2	533	143
NC_003468.2	534	143
NC_003468.2	535	142
NC_003468.2	536	141
NC_003468.2	537	141
NC_003468.2	538	146
NC_003468.2	539	145
NC_003468.2	540	145
NC_003468.2	541	142
NC_003468.2	542	125
NC_003468.2	543	129
NC_003468.2	544	128
NC_003468.2	545	128
NC_003468.2	546	128
NC_003468.2	547	128
NC_003468.2	548	128
NC_003468.2	549	130
NC_003468.2	550	130
NC_003468.2	551	130
NC_003468.2	552	130
NC_003468.2	553	125
NC_003468.2	554	125
NC_003468.2	555	132
NC_003468.2	556	132
NC_003468.2	557	132
NC_003468.2	558	132
NC_003468.2	559	132
NC_003468.2	560	132
NC_003468.2	561	132
NC_003468.2	562	132
NC_003468.2	563	134
NC_003468.2	564	133
NC_003468.2	565	131
NC_003468.2	566	137
NC_003468.2	567	137
NC_003468.2	568	137
NC_003468.2	569	140
NC_003468.2	570	140
NC_003468.2	571	142
NC_003468.2	572	142
NC_003468.2	573	142
NC_003468.2	574	142
NC_003468.2	575	142
NC_003468.2	576	141
NC_003468.2	577	141
NC_003468.2	578	141
NC_003468.2	579	141
NC_003468.2	580	139
NC_003468.2	581	139
NC_003468.2	582	139
NC_003468.2	583	139
NC_003468.2	584	137
NC_003468.2	585	137
NC_003468.2	586	139
NC_003468.2	587	139
NC_003468.2	588	136
NC_003468.2	589	138
NC_003468.2	590	138
NC_003468.2	591	138
NC_003468.2	592	139
NC_003468.2	593	141
NC_003468.2	594	141
NC_003468.2	595	141
NC_003468.2	596	141
NC_003468.2	597	141
NC_003468.2	598	141
NC_003468.2	599	141
NC_003468.2	600	141
NC_003468.2	601	141
NC_003468.2	602	133
NC_003468.2	603	141
NC_003468.2	604	140
NC_003468.2	605	140
NC_003468.2	606	139
NC_003468.2	607	138
NC_003468.2	608	136
NC_003468.2	609	135
NC_003468.2	610	135
NC_003468.2	611	135
NC_003468.2	612	126
NC_003468.2	613	124
NC_003468.2	614	124
NC_003468.2	615	124
NC_003468.2	616	124
NC_003468.2	617	124
NC_003468.2	618	122
NC_003468.2	619	122
NC_003468.2	620	120
NC_003468.2	621	120
NC_003468.2	622	117
NC_003468.2	623	123
NC_003468.2	624	124
NC_003468.2	625	125
NC_003468.2	626	125
NC_003468.2	627	124
NC_003468.2	628	124
NC_003468.2	629	124
NC_003468.2	630	123
NC_003468.2	631	123
NC_003468.2	632	120
NC_003468.2	633	116
NC_003468.2	634	116
NC_003468.2	635	115
NC_003468.2	636	115
NC_003468.2	637	114
NC_003468.2	638	114
NC_003468.2	639	114
NC_003468.2	640	114
NC_003468.2	641	114
NC_003468.2	642	114
NC_003468.2	643	112
NC_003468.2	644	112
NC_003468.2	645	108
NC_003468.2	646	108
NC_003468.2	647	107
NC_003468.2	648	107
NC_003468.2	649	106
NC_003468.2	650	106
NC_003468.2	651	106
NC_003468.2	652	103
NC_003468.2	653	101
NC_003468.2	654	101
NC_003468.2	655	101
NC_003468.2	656	101
NC_003468.2	657	99
NC_003468.2	658	99
NC_003468.2	659	98
NC_003468.2	660	98
NC_003468.2	661	98
NC_003468.2	662	96
NC_003468.2	663	96
NC_003468.2	664	96
NC_003468.2	665	96
NC_003468.2	666	96
NC_003468.2	667	96
NC_003468.2	668	95
NC_003468.2	669	95
NC_003468.2	670	95
NC_003468.2	671	95
NC_003468.2	672	93
NC_003468.2	673	93
NC_003468.2	674	93
NC_003468.2	675	92
NC_003468.2	676	92
NC_003468.2	677	88
NC_003468.2	678	88
NC_003468.2	679	82
NC_003468.2	680	82
NC_003468.2	681	82
NC_003468.2	682	82
NC_003468.2	683	82
NC_003468.2	684	82
NC_003468.2	685	81
NC_003468.2	686	81
NC_003468.2	687	81
NC_003468.2	688	81
NC_003468.2	689	81
NC_003468.2	690	81
NC_003468.2	691	81
NC_003468.2	692	81
NC_003468.2	693	81
NC_003468.2	694	81
NC_003468.2	695	81
NC_003468.2	696	81
NC_003468.2	697	81
NC_003468.2	698	81
NC_003468.2	699	80
NC_003468.2	700	75
NC_003468.2	701	75
NC_003468.2	702	75
NC_003468.2	703	75
NC_003468.2	704	72
NC_003468.2	705	66
NC_003468.2	706	66
NC_003468.2	707	66
NC_003468.2	708	66
NC_003468.2	709	66
NC_003468.2	710	64
NC_003468.2	711	61
NC_003468.2	712	61
NC_003468.2	713	60
NC_003468.2	714	60
NC_003468.2	715	58
NC_003468.2	716	44
NC_003468.2	717	44
NC_003468.2	718	44
NC_003468.2	719	44
NC_003468.2	720	44
NC_003468.2	721	43
NC_003468.2	722	43
NC_003468.2	723	39
NC_003468.2	724	35
NC_003468.2	725	35
NC_003468.2	726	30
NC_003468.2	727	30
NC_003468.2	728	24
NC_003468.2	729	24
NC_003468.2	730	15
NC_003468.2	731	10
NC_003468.2	732	10
NC_003468.2	733	10
NC_003468.2	734	10
NC_003468.2	735	10
NC_003468.2	736	10
NC_003468.2	737	10
NC_003468.2	738	10
NC_003468.2	739	10
NC_003468.2	740	10
NC_003468.2	741	10
NC_003468.2	742	10
NC_003468.2	743	10
NC_003468.2	744	10
NC_003468.2	745	9
NC_003468.2	746	9
NC_003468.2	747	9
NC_003468.2	748	9
NC_003468.2	749	9
NC_003468.2	750	9
NC_003468.2	751	9
NC_003468.2	752	9
NC_003468.2	753	9
NC_003468.2	754	9
NC_003468.2	755	9
NC_003468.2	756	9
NC_003468.2	757	9
NC_003468.2	758	9
NC_003468.2	759	9
NC_003468.2	760	9
NC_003468.2	761	9
NC_003468.2	762	9
NC_003468.2	763	10
NC_003468.2	764	10
NC_003468.2	765	10
NC_003468.2	766	10
NC_003468.2	767	10
NC_003468.2	768	10
NC_003468.2	769	10
NC_003468.2	770	10
NC_003468.2	771	10
NC_003468.2	772	10
NC_003468.2	773	10
NC_003468.2	774	10
NC_003468.2	775	10
NC_003468.2	776	10
NC_003468.2	777	10
NC_003468.2	778	10
NC_003468.2	779	10
NC_003468.2	780	10
NC_003468.2	781	10
NC_003468.2	782	10
NC_003468.2	783	10
NC_003468.2	784	10
NC_003468.2	785	10
NC_003468.2	786	10
NC_003468.2	787	10
NC_003468.2	788	10
NC_003468.2	789	10
NC_003468.2	790	10
NC_003468.2	791	10
NC_003468.2	792	10
NC_003468.2	793	10
NC_003468.2	794	10
NC_003468.2	795	10
NC_003468.2	796	11
NC_003468.2	797	11
NC_003468.2	798	11
NC_003468.2	799	11
NC_003468.2	800	11
NC_003468.2	801	11
NC_003468.2	802	11
NC_003468.2	803	11
NC_003468.2	804	10
NC_003468.2	805	10
NC_003468.2	806	10
NC_003468.2	807	10
NC_003468.2	808	10
NC_003468.2	809	12
NC_003468.2	810	12
NC_003468.2	811	12
NC_003468.2	812	12
NC_003468.2	813	12
NC_003468.2	814	12
NC_003468.2	815	12
NC_003468.2	816	12
NC_003468.2	817	12
NC_003468.2	818	12
NC_003468.2	819	12
NC_003468.2	820	12
NC_003468.2	821	12
NC_003468.2	822	12
NC_003468.2	823	12
NC_003468.2	824	12
NC_003468.2	825	12
NC_003468.2	826	12
NC_003468.2	827	12
NC_003468.2	828	12
NC_003468.2	829	12
NC_003468.2	830	12
NC_003468.2	831	12
NC_003468.2	832	12
NC_003468.2	833	12
NC_003468.2	834	12
NC_003468.2	835	12
NC_003468.2	836	14
NC_003468.2	837	14
NC_003468.2	838	14
NC_003468.2	839	14
NC_003468.2	840	10
NC_003468.2	841	10
NC_003468.2	842	10
NC_003468.2	843	10
NC_003468.2	844	11
NC_003468.2	845	11
NC_003468.2	846	11
NC_003468.2	847	11
NC_003468.2	848	11
NC_003468.2	849	11
NC_003468.2	850	11
NC_003468.2	851	9
NC_003468.2	852	9
NC_003468.2	853	9
NC_003468.2	854	9
NC_003468.2	855	9
NC_003468.2	856	9
NC_003468.2	857	9
NC_003468.2	858	9
NC_003468.2	859	9
NC_003468.2	860	9
NC_003468.2	861	9
NC_003468.2	862	9
NC_003468.2	863	9
NC_003468.2	864	9
NC_003468.2	865	9
NC_003468.2	866	9
NC_003468.2	867	10
NC_003468.2	868	10
NC_003468.2	869	10
NC_003468.2	870	10
NC_003468.2	871	11
NC_003468.2	872	11
NC_003468.2	873	11
NC_003468.2	874	11
NC_003468.2	875	11
NC_003468.2	876	11
NC_003468.2	877	11
NC_003468.2	878	11
NC_003468.2	879	11
NC_003468.2	880	11
NC_003468.2	881	11
NC_003468.2	882	11
NC_003468.2	883	11
NC_003468.2	884	11
NC_003468.2	885	11
NC_003468.2	886	11
NC_003468.2	887	11
NC_003468.2	888	11
NC_003468.2	889	11
NC_003468.2	890	11
NC_003468.2	891	11
NC_003468.2	892	11
NC_003468.2	893	11
NC_003468.2	894	11
NC_003468.2	895	11
NC_003468.2	896	11
NC_003468.2	897	11
NC_003468.2	898	11
NC_003468.2	899	11
NC_003468.2	900	11
NC_003468.2	901	11
NC_003468.2	902	11
NC_003468.2	903	11
NC_003468.2	904	11
NC_003468.2	905	11
NC_003468.2	906	11
NC_003468.2	907	11
NC_003468.2	908	11
NC_003468.2	909	11
NC_003468.2	910	11
NC_003468.2	911	11
NC_003468.2	912	11
NC_003468.2	913	11
NC_003468.2	914	11
NC_003468.2	915	11
NC_003468.2	916	11
NC_003468.2	917	11
NC_003468.2	918	11
NC_003468.2	919	11
NC_003468.2	920	11
NC_003468.2	921	11
NC_003468.2	922	13
NC_003468.2	923	13
NC_003468.2	924	13
NC_003468.2	925	13
NC_003468.2	926	13
NC_003468.2	927	13
NC_003468.2	928	13
NC_003468.2	929	13
NC_003468.2	930	13
NC_003468.2	931	13
NC_003468.2	932	13
NC_003468.2	933	15
NC_003468.2	934	15
NC_003468.2	935	15
NC_003468.2	936	15
NC_003468.2	937	15
NC_003468.2	938	15
NC_003468.2	939	16
NC_003468.2	940	16
NC_003468.2	941	16
NC_003468.2	942	16
NC_003468.2	943	16
NC_003468.2	944	18
NC_003468.2	945	18
NC_003468.2	946	18
NC_003468.2	947	18
NC_003468.2	948	18
NC_003468.2	949	18
NC_003468.2	950	18
NC_003468.2	951	20
NC_003468.2	952	20
NC_003468.2	953	20
NC_003468.2	954	20
NC_003468.2	955	20
NC_003468.2	956	20
NC_003468.2	957	20
NC_003468.2	958	34
NC_003468.2	959	34
NC_003468.2	960	34
NC_003468.2	961	34
NC_003468.2	962	34
NC_003468.2	963	37
NC_003468.2	964	37
NC_003468.2	965	37
NC_003468.2	966	37
NC_003468.2	967	37
NC_003468.2	968	50
NC_003468.2	969	50
NC_003468.2	970	50
NC_003468.2	971	51
NC_003468.2	972	51
NC_003468.2	973	53
NC_003468.2	974	53
NC_003468.2	975	53
NC_003468.2	976	53
NC_003468.2	977	53
NC_003468.2	978	55
NC_003468.2	979	55
NC_003468.2	980	55
NC_003468.2	981	55
NC_003468.2	982	55
NC_003468.2	983	55
NC_003468.2	984	55
NC_003468.2	985	55
NC_003468.2	986	55
NC_003468.2	987	55
NC_003468.2	988	55
NC_003468.2	989	55
NC_003468.2	990	54
NC_003468.2	991	54
NC_003468.2	992	54
NC_003468.2	993	54
NC_003468.2	994	54
NC_003468.2	995	54
NC_003468.2	996	58
NC_003468.2	997	58
NC_003468.2	998	58
NC_003468.2	999	58
NC_003468.2	1000	58
NC_003468.2	1001	58
NC_003468.2	1002	58
NC_003468.2	1003	58
NC_003468.2	1004	58
NC_003468.2	1005	58
NC_003468.2	1006	58
NC_003468.2	1007	58
NC_003468.2	1008	58
NC_003468.2	1009	58
NC_003468.2	1010	58
NC_003468.2	1011	58
NC_003468.2	1012	58
NC_003468.2	1013	59
NC_003468.2	1014	59
NC_003468.2	1015	60
NC_003468.2	1016	60
NC_003468.2	1017	60
NC_003468.2	1018	60
NC_003468.2	1019	60
NC_003468.2	1020	60
NC_003468.2	1021	60
NC_003468.2	1022	60
NC_003468.2	1023	68
NC_003468.2	1024	68
NC_003468.2	1025	68
NC_003468.2	1026	68
NC_003468.2	1027	68
NC_003468.2	1028	66
NC_003468.2	1029	66
NC_003468.2	1030	66
NC_003468.2	1031	66
NC_003468.2	1032	66
NC_003468.2	1033	66
NC_003468.2	1034	66
NC_003468.2	1035	66
NC_003468.2	1036	66
NC_003468.2	1037	68
NC_003468.2	1038	68
NC_003468.2	1039	68
NC_003468.2	1040	69
NC_003468.2	1041	77
NC_003468.2	1042	78
NC_003468.2	1043	78
NC_003468.2	1044	78
NC_003468.2	1045	78
NC_003468.2	1046	78
NC_003468.2	1047	92
NC_003468.2	1048	93
NC_003468.2	1049	89
NC_003468.2	1050	90
NC_003468.2	1051	91
NC_003468.2	1052	91
NC_003468.2	1053	93
NC_003468.2	1054	93
NC_003468.2	1055	96
NC_003468.2	1056	90
NC_003468.2	1057	95
NC_003468.2	1058	95
NC_003468.2	1059	95
NC_003468.2	1060	91
NC_003468.2	1061	91
NC_003468.2	1062	91
NC_003468.2	1063	94
NC_003468.2	1064	99
NC_003468.2	1065	101
NC_003468.2	1066	102
NC_003468.2	1067	102
NC_003468.2	1068	102
NC_003468.2	1069	102
NC_003468.2	1070	102
NC_003468.2	1071	102
NC_003468.2	1072	102
NC_003468.2	1073	102
NC_003468.2	1074	102
NC_003468.2	1075	103
NC_003468.2	1076	103
NC_003468.2	1077	103
NC_003468.2	1078	103
NC_003468.2	1079	103
NC_003468.2	1080	103
NC_003468.2	1081	103
NC_003468.2	1082	103
NC_003468.2	1083	103
NC_003468.2	1084	103
NC_003468.2	1085	100
NC_003468.2	1086	100
NC_003468.2	1087	106
NC_003468.2	1088	106
NC_003468.2	1089	106
NC_003468.2	1090	110
NC_003468.2	1091	110
NC_003468.2	1092	110
NC_003468.2	1093	110
NC_003468.2	1094	110
NC_003468.2	1095	110
NC_003468.2	1096	118
NC_003468.2	1097	118
NC_003468.2	1098	120
NC_003468.2	1099	120
NC_003468.2	1100	121
NC_003468.2	1101	121
NC_003468.2	1102	121
NC_003468.2	1103	119
NC_003468.2	1104	119
NC_003468.2	1105	118
NC_003468.2	1106	118
NC_003468.2	1107	118
NC_003468.2	1108	118
NC_003468.2	1109	118
NC_003468.2	1110	118
NC_003468.2	1111	118
NC_003468.2	1112	118
NC_003468.2	1113	118
NC_003468.2	1114	118
NC_003468.2	1115	118
NC_003468.2	1116	118
NC_003468.2	1117	118
NC_003468.2	1118	118
NC_003468.2	1119	118
NC_003468.2	1120	120
NC_003468.2	1121	120
NC_003468.2	1122	120
NC_003468.2	1123	120
NC_003468.2	1124	123
NC_003468.2	1125	123
NC_003468.2	1126	123
NC_003468.2	1127	123
NC_003468.2	1128	129
NC_003468.2	1129	125
NC_003468.2	1130	127
NC_003468.2	1131	127
NC_003468.2	1132	127
NC_003468.2	1133	133
NC_003468.2	1134	134
NC_003468.2	1135	134
NC_003468.2	1136	134
NC_003468.2	1137	132
NC_003468.2	1138	132
NC_003468.2	1139	132
NC_003468.2	1140	132
NC_003468.2	1141	132
NC_003468.2	1142	132
NC_003468.2	1143	131
NC_003468.2	1144	131
NC_003468.2	1145	131
NC_003468.2	1146	129
NC_003468.2	1147	129
NC_003468.2	1148	129
NC_003468.2	1149	131
NC_003468.2	1150	131
NC_003468.2	1151	131
NC_003468.2	1152	131
NC_003468.2	1153	131
NC_003468.2	1154	131
NC_003468.2	1155	135
NC_003468.2	1156	135
NC_003468.2	1157	135
NC_003468.2	1158	135
NC_003468.2	1159	133
NC_003468.2	1160	133
NC_003468.2	1161	135
NC_003468.2	1162	135
NC_003468.2	1163	135
NC_003468.2	1164	136
NC_003468.2	1165	135
NC_003468.2	1166	135
NC_003468.2	1167	135
NC_003468.2	1168	135
NC_003468.2	1169	133
NC_003468.2	1170	135
NC_003468.2	1171	135
NC_003468.2	1172	135
NC_003468.2	1173	135
NC_003468.2	1174	135
NC_003468.2	1175	135
NC_003468.2	1176	135
NC_003468.2	1177	135
NC_003468.2	1178	141
NC_003468.2	1179	141
NC_003468.2	1180	141
NC_003468.2	1181	141
NC_003468.2	1182	141
NC_003468.2	1183	147
NC_003468.2	1184	147
NC_003468.2	1185	144
NC_003468.2	1186	144
NC_003468.2	1187	132
NC_003468.2	1188	136
NC_003468.2	1189	136
NC_003468.2	1190	136
NC_003468.2	1191	136
NC_003468.2	1192	136
NC_003468.2	1193	136
NC_003468.2	1194	136
NC_003468.2	1195	136
NC_003468.2	1196	136
NC_003468.2	1197	136
NC_003468.2	1198	138
NC_003468.2	1199	138
NC_003468.2	1200	138
NC_003468.2	1201	138
NC_003468.2	1202	138
NC_003468.2	1203	138
NC_003468.2	1204	138
NC_003468.2	1205	138
NC_003468.2	1206	138
NC_003468.2	1207	136
NC_003468.2	1208	138
NC_003468.2	1209	136
NC_003468.2	1210	136
NC_003468.2	1211	136
NC_003468.2	1212	138
NC_003468.2	1213	138
NC_003468.2	1214	138
NC_003468.2	1215	138
NC_003468.2	1216	138
NC_003468.2	1217	139
NC_003468.2	1218	139
NC_003468.2	1219	139
NC_003468.2	1220	139
NC_003468.2	1221	139
NC_003468.2	1222	139
NC_003468.2	1223	139
NC_003468.2	1224	139
NC_003468.2	1225	139
NC_003468.2	1226	141
NC_003468.2	1227	141
NC_003468.2	1228	139
NC_003468.2	1229	139
NC_003468.2	1230	139
NC_003468.2	1231	141
NC_003468.2	1232	141
NC_003468.2	1233	129
NC_003468.2	1234	129
NC_003468.2	1235	123
NC_003468.2	1236	123
NC_003468.2	1237	123
NC_003468.2	1238	125
NC_003468.2	1239	132
NC_003468.2	1240	132
NC_003468.2	1241	132
NC_003468.2	1242	129
NC_003468.2	1243	129
NC_003468.2	1244	129
NC_003468.2	1245	129
NC_003468.2	1246	129
NC_003468.2	1247	127
NC_003468.2	1248	103
NC_003468.2	1249	103
NC_003468.2	1250	103
NC_003468.2	1251	103
NC_003468.2	1252	103
NC_003468.2	1253	103
NC_003468.2	1254	103
NC_003468.2	1255	103
NC_003468.2	1256	103
NC_003468.2	1257	103
NC_003468.2	1258	101
NC_003468.2	1259	101
NC_003468.2	1260	101
NC_003468.2	1261	101
NC_003468.2	1262	101
NC_003468.2	1263	101
NC_003468.2	1264	103
NC_003468.2	1265	103
NC_003468.2	1266	103
NC_003468.2	1267	103
NC_003468.2	1268	103
NC_003468.2	1269	102
NC_003468.2	1270	102
NC_003468.2	1271	102
NC_003468.2	1272	102
NC_003468.2	1273	98
NC_003468.2	1274	98
NC_003468.2	1275	98
NC_003468.2	1276	98
NC_003468.2	1277	98
NC_003468.2	1278	96
NC_003468.2	1279	96
NC_003468.2	1280	96
NC_003468.2	1281	96
NC_003468.2	1282	96
NC_003468.2	1283	90
NC_003468.2	1284	90
NC_003468.2	1285	90
NC_003468.2	1286	90
NC_003468.2	1287	90
NC_003468.2	1288	90
NC_003468.2	1289	90
NC_003468.2	1290	90
NC_003468.2	1291	92
NC_003468.2	1292	92
NC_003468.2	1293	92
NC_003468.2	1294	92
NC_003468.2	1295	92
NC_003468.2	1296	92
NC_003468.2	1297	92
NC_003468.2	1298	92
NC_003468.2	1299	92
NC_003468.2	1300	92
NC_003468.2	1301	92
NC_003468.2	1302	92
NC_003468.2	1303	92
NC_003468.2	1304	100
NC_003468.2	1305	100
NC_003468.2	1306	100
NC_003468.2	1307	100
NC_003468.2	1308	100
NC_003468.2	1309	100
NC_003468.2	1310	100
NC_003468.2	1311	100
NC_003468.2	1312	100
NC_003468.2	1313	100
NC_003468.2	1314	99
NC_003468.2	1315	98
NC_003468.2	1316	98
NC_003468.2	1317	98
NC_003468.2	1318	98
NC_003468.2	1319	96
NC_003468.2	1320	96
NC_003468.2	1321	96
NC_003468.2	1322	96
NC_003468.2	1323	96
NC_003468.2	1324	95
NC_003468.2	1325	95
NC_003468.2	1326	95
NC_003468.2	1327	95
NC_003468.2	1328	95
NC_003468.2	1329	95
NC_003468.2	1330	95
NC_003468.2	1331	94
NC_003468.2	1332	94
NC_003468.2	1333	94
NC_003468.2	1334	94
NC_003468.2	1335	94
NC_003468.2	1336	94
NC_003468.2	1337	94
NC_003468.2	1338	96
NC_003468.2	1339	96
NC_003468.2	1340	96
NC_003468.2	1341	96
NC_003468.2	1342	95
NC_003468.2	1343	95
NC_003468.2	1344	95
NC_003468.2	1345	95
NC_003468.2	1346	95
NC_003468.2	1347	91
NC_003468.2	1348	90
NC_003468.2	1349	90
NC_003468.2	1350	90
NC_003468.2	1351	88
NC_003468.2	1352	88
NC_003468.2	1353	88
NC_003468.2	1354	79
NC_003468.2	1355	79
NC_003468.2	1356	78
NC_003468.2	1357	76
NC_003468.2	1358	75
NC_003468.2	1359	75
NC_003468.2	1360	75
NC_003468.2	1361	74
NC_003468.2	1362	74
NC_003468.2	1363	74
NC_003468.2	1364	74
NC_003468.2	1365	70
NC_003468.2	1366	70
NC_003468.2	1367	70
NC_003468.2	1368	68
NC_003468.2	1369	68
NC_003468.2	1370	68
NC_003468.2	1371	68
NC_003468.2	1372	68
NC_003468.2	1373	68
NC_003468.2	1374	70
NC_003468.2	1375	70
NC_003468.2	1376	65
NC_003468.2	1377	65
NC_003468.2	1378	59
NC_003468.2	1379	59
NC_003468.2	1380	59
NC_003468.2	1381	59
NC_003468.2	1382	59
NC_003468.2	1383	57
NC_003468.2	1384	57
NC_003468.2	1385	51
NC_003468.2	1386	51
NC_003468.2	1387	51
NC_003468.2	1388	51
NC_003468.2	1389	51
NC_003468.2	1390	51
NC_003468.2	1391	51
NC_003468.2	1392	53
NC_003468.2	1393	53
NC_003468.2	1394	53
NC_003468.2	1395	53
NC_003468.2	1396	53
NC_003468.2	1397	53
NC_003468.2	1398	53
NC_003468.2	1399	53
NC_003468.2	1400	53
NC_003468.2	1401	53
NC_003468.2	1402	53
NC_003468.2	1403	53
NC_003468.2	1404	53
NC_003468.2	1405	53
NC_003468.2	1406	49
NC_003468.2	1407	49
NC_003468.2	1408	49
NC_003468.2	1409	49
NC_003468.2	1410	49
NC_003468.2	1411	46
NC_003468.2	1412	46
NC_003468.2	1413	46
NC_003468.2	1414	46
NC_003468.2	1415	46
NC_003468.2	1416	45
NC_003468.2	1417	45
NC_003468.2	1418	45
NC_003468.2	1419	45
NC_003468.2	1420	45
NC_003468.2	1421	45
NC_003468.2	1422	45
NC_003468.2	1423	45
NC_003468.2	1424	45
NC_003468.2	1425	41
NC_003468.2	1426	41
NC_003468.2	1427	41
NC_003468.2	1428	41
NC_003468.2	1429	41
NC_003468.2	1430	41
NC_003468.2	1431	41
NC_003468.2	1432	41
NC_003468.2	1433	38
NC_003468.2	1434	38
NC_003468.2	1435	38
NC_003468.2	1436	38
NC_003468.2	1437	38
NC_003468.2	1438	35
NC_003468.2	1439	33
NC_003468.2	1440	35
NC_003468.2	1441	35
NC_003468.2	1442	35
NC_003468.2	1443	35
NC_003468.2	1444	33
NC_003468.2	1445	33
NC_003468.2	1446	31
NC_003468.2	1447	31
NC_003468.2	1448	31
NC_003468.2	1449	31
NC_003468.2	1450	29
NC_003468.2	1451	29
NC_003468.2	1452	29
NC_003468.2	1453	29
NC_003468.2	1454	29
NC_003468.2	1455	29
NC_003468.2	1456	29
NC_003468.2	1457	29
NC_003468.2	1458	29
NC_003468.2	1459	29
NC_003468.2	1460	29
NC_003468.2	1461	26
NC_003468.2	1462	26
NC_003468.2	1463	26
NC_003468.2	1464	26
NC_003468.2	1465	25
NC_003468.2	1466	0
NC_003468.2	1467	0
NC_003468.2	1468	0
NC_003468.2	1469	0
NC_003468.2	1470	0
NC_003468.2	1471	0
NC_003468.2	1472	0
NC_003468.2	1473	0
NC_003468.2	1474	0
NC_003468.2	1475	0
NC_003468.2	1476	0
NC_003468.2	1477	0
NC_003468.2	1478	0
NC_003468.2	1479	0
NC_003468.2	1480	0
NC_003468.2	1481	0
NC_003468.2	1482	0
NC_003468.2	1483	0
NC_003468.2	1484	0
NC_003468.2	1485	0
NC_003468.2	1486	0
NC_003468.2	1487	0
NC_003468.2	1488	0
NC_003468.2	1489	0
NC_003468.2	1490	0
NC_003468.2	1491	0
NC_003468.2	1492	0
NC_003468.2	1493	0
NC_003468.2	1494	0
NC_003468.2	1495	0
NC_003468.2	1496	0
NC_003468.2	1497	0
NC_003468.2	1498	0
NC_003468.2	1499	0
NC_003468.2	1500	0
NC_003468.2	1501	0
NC_003468.2	1502	0
NC_003468.2	1503	0
NC_003468.2	1504	0
NC_003468.2	1505	2
NC_003468.2	1506	2
NC_003468.2	1507	2
NC_003468.2	1508	2
NC_003468.2	1509	2
NC_003468.2	1510	2
NC_003468.2	1511	2
NC_003468.2	1512	2
NC_003468.2	1513	2
NC_003468.2	1514	2
NC_003468.2	1515	2
NC_003468.2	1516	2
NC_003468.2	1517	2
NC_003468.2	1518	2
NC_003468.2	1519	2
NC_003468.2	1520	6
NC_003468.2	1521	10
NC_003468.2	1522	10
NC_003468.2	1523	10
NC_003468.2	1524	15
NC_003468.2	1525	15
NC_003468.2	1526	16
NC_003468.2	1527	16
NC_003468.2	1528	16
NC_003468.2	1529	20
NC_003468.2	1530	21
NC_003468.2	1531	29
NC_003468.2	1532	29
NC_003468.2	1533	29
NC_003468.2	1534	29
NC_003468.2	1535	29
NC_003468.2	1536	41
NC_003468.2	1537	41
NC_003468.2	1538	41
NC_003468.2	1539	41
NC_003468.2	1540	41
NC_003468.2	1541	41
NC_003468.2	1542	43
NC_003468.2	1543	54
NC_003468.2	1544	54
NC_003468.2	1545	54
NC_003468.2	1546	54
NC_003468.2	1547	54
NC_003468.2	1548	54
NC_003468.2	1549	54
NC_003468.2	1550	54
NC_003468.2	1551	55
NC_003468.2	1552	55
NC_003468.2	1553	58
NC_003468.2	1554	58
NC_003468.2	1555	58
NC_003468.2	1556	58
NC_003468.2	1557	58
NC_003468.2	1558	58
NC_003468.2	1559	58
NC_003468.2	1560	58
NC_003468.2	1561	58
NC_003468.2	1562	58
NC_003468.2	1563	58
NC_003468.2	1564	58
NC_003468.2	1565	58
NC_003468.2	1566	58
NC_003468.2	1567	58
NC_003468.2	1568	58
NC_003468.2	1569	58
NC_003468.2	1570	58
NC_003468.2	1571	58
NC_003468.2	1572	58
NC_003468.2	1573	58
NC_003468.2	1574	61
NC_003468.2	1575	61
NC_003468.2	1576	61
NC_003468.2	1577	62
NC_003468.2	1578	62
NC_003468.2	1579	62
NC_003468.2	1580	62
NC_003468.2	1581	62
NC_003468.2	1582	62
NC_003468.2	1583	62
NC_003468.2	1584	62
NC_003468.2	1585	62
NC_003468.2	1586	64
NC_003468.2	1587	64
NC_003468.2	1588	64
NC_003468.2	1589	64
NC_003468.2	1590	64
NC_003468.2	1591	64
NC_003468.2	1592	64
NC_003468.2	1593	67
NC_003468.2	1594	68
NC_003468.2	1595	68
NC_003468.2	1596	71
NC_003468.2	1597	71
NC_003468.2	1598	72
NC_003468.2	1599	72
NC_003468.2	1600	72
NC_003468.2	1601	72
NC_003468.2	1602	72
NC_003468.2	1603	72
NC_003468.2	1604	74
NC_003468.2	1605	74
NC_003468.2	1606	74
NC_003468.2	1607	74
NC_003468.2	1608	80
NC_003468.2	1609	84
NC_003468.2	1610	84
NC_003468.2	1611	88
NC_003468.2	1612	88
NC_003468.2	1613	88
NC_003468.2	1614	88
NC_003468.2	1615	88
NC_003468.2	1616	92
NC_003468.2	1617	92
NC_003468.2	1618	94
NC_003468.2	1619	94
NC_003468.2	1620	94
NC_003468.2	1621	94
NC_003468.2	1622	94
NC_003468.2	1623	95
NC_003468.2	1624	95
NC_003468.2	1625	95
NC_003468.2	1626	97
NC_003468.2	1627	95
NC_003468.2	1628	102
NC_003468.2	1629	103
NC_003468.2	1630	103
NC_003468.2	1631	103
NC_003468.2	1632	103
NC_003468.2	1633	103
NC_003468.2	1634	103
NC_003468.2	1635	103
NC_003468.2	1636	103
NC_003468.2	1637	99
NC_003468.2	1638	99
NC_003468.2	1639	114
NC_003468.2	1640	114
NC_003468.2	1641	114
NC_003468.2	1642	114
NC_003468.2	1643	114
NC_003468.2	1644	117
NC_003468.2	1645	115
NC_003468.2	1646	114
NC_003468.2	1647	114
NC_003468.2	1648	96
NC_003468.2	1649	97
NC_003468.2	1650	100
NC_003468.2	1651	100
NC_003468.2	1652	100
NC_003468.2	1653	99
NC_003468.2	1654	99
NC_003468.2	1655	99
NC_003468.2	1656	99
NC_003468.2	1657	99
NC_003468.2	1658	100
NC_003468.2	1659	102
NC_003468.2	1660	104
NC_003468.2	1661	115
NC_003468.2	1662	116
NC_003468.2	1663	126
NC_003468.2	1664	126
NC_003468.2	1665	127
NC_003468.2	1666	135
NC_003468.2	1667	135
NC_003468.2	1668	135
NC_003468.2	1669	136
NC_003468.2	1670	133
NC_003468.2	1671	133
NC_003468.2	1672	133
NC_003468.2	1673	133
NC_003468.2	1674	133
NC_003468.2	1675	133
NC_003468.2	1676	133
NC_003468.2	1677	133
NC_003468.2	1678	133
NC_003468.2	1679	131
NC_003468.2	1680	131
NC_003468.2	1681	131
NC_003468.2	1682	131
NC_003468.2	1683	133
NC_003468.2	1684	133
NC_003468.2	1685	131
NC_003468.2	1686	131
NC_003468.2	1687	131
NC_003468.2	1688	131
NC_003468.2	1689	131
NC_003468.2	1690	136
NC_003468.2	1691	136
NC_003468.2	1692	136
NC_003468.2	1693	136
NC_003468.2	1694	136
NC_003468.2	1695	136
NC_003468.2	1696	136
NC_003468.2	1697	138
NC_003468.2	1698	140
NC_003468.2	1699	140
NC_003468.2	1700	146
NC_003468.2	1701	146
NC_003468.2	1702	146
NC_003468.2	1703	144
NC_003468.2	1704	144
NC_003468.2	1705	146
NC_003468.2	1706	146
NC_003468.2	1707	146
NC_003468.2	1708	146
NC_003468.2	1709	146
NC_003468.2	1710	146
NC_003468.2	1711	146
NC_003468.2	1712	146
NC_003468.2	1713	150
NC_003468.2	1714	150
NC_003468.2	1715	150
NC_003468.2	1716	150
NC_003468.2	1717	150
NC_003468.2	1718	150
NC_003468.2	1719	150
NC_003468.2	1720	152
NC_003468.2	1721	152
NC_003468.2	1722	152
NC_003468.2	1723	154
NC_003468.2	1724	154
NC_003468.2	1725	158
NC_003468.2	1726	160
NC_003468.2	1727	160
NC_003468.2	1728	160
NC_003468.2	1729	157
NC_003468.2	1730	157
NC_003468.2	1731	163
NC_003468.2	1732	163
NC_003468.2	1733	163
NC_003468.2	1734	161
NC_003468.2	1735	168
NC_003468.2	1736	168
NC_003468.2	1737	168
NC_003468.2	1738	168
NC_003468.2	1739	167
NC_003468.2	1740	167
NC_003468.2	1741	167
NC_003468.2	1742	167
NC_003468.2	1743	167
NC_003468.2	1744	167
NC_003468.2	1745	157
NC_003468.2	1746	157
NC_003468.2	1747	157
NC_003468.2	1748	157
NC_003468.2	1749	160
NC_003468.2	1750	160
NC_003468.2	1751	158
NC_003468.2	1752	170
NC_003468.2	1753	169
NC_003468.2	1754	169
NC_003468.2	1755	169
NC_003468.2	1756	169
NC_003468.2	1757	168
NC_003468.2	1758	170
NC_003468.2	1759	172
NC_003468.2	1760	172
NC_003468.2	1761	177
NC_003468.2	1762	177
NC_003468.2	1763	177
NC_003468.2	1764	177
NC_003468.2	1765	181
NC_003468.2	1766	181
NC_003468.2	1767	182
NC_003468.2	1768	182
NC_003468.2	1769	182
NC_003468.2	1770	182
NC_003468.2	1771	182
NC_003468.2	1772	182
NC_003468.2	1773	182
NC_003468.2	1774	181
NC_003468.2	1775	181
NC_003468.2	1776	181
NC_003468.2	1777	181
NC_003468.2	1778	181
NC_003468.2	1779	179
NC_003468.2	1780	179
NC_003468.2	1781	179
NC_003468.2	1782	179
NC_003468.2	1783	179
NC_003468.2	1784	179
NC_003468.2	1785	181
NC_003468.2	1786	181
NC_003468.2	1787	181
NC_003468.2	1788	181
NC_003468.2	1789	176
NC_003468.2	1790	187
NC_003468.2	1791	187
NC_003468.2	1792	189
NC_003468.2	1793	189
NC_003468.2	1794	189
NC_003468.2	1795	189
NC_003468.2	1796	197
NC_003468.2	1797	197
NC_003468.2	1798	195
NC_003468.2	1799	195
NC_003468.2	1800	195
NC_003468.2	1801	197
NC_003468.2	1802	197
NC_003468.2	1803	193
NC_003468.2	1804	193
NC_003468.2	1805	186
NC_003468.2	1806	186
NC_003468.2	1807	188
NC_003468.2	1808	190
NC_003468.2	1809	190
NC_003468.2	1810	182
NC_003468.2	1811	182
NC_003468.2	1812	176
NC_003468.2	1813	176
NC_003468.2	1814	176
NC_003468.2	1815	176
NC_003468.2	1816	176
NC_003468.2	1817	175
NC_003468.2	1818	175
NC_003468.2	1819	175
NC_003468.2	1820	175
NC_003468.2	1821	175
NC_003468.2	1822	174
NC_003468.2	1823	174
NC_003468.2	1824	169
NC_003468.2	1825	171
NC_003468.2	1826	171
NC_003468.2	1827	173
NC_003468.2	1828	173
NC_003468.2	1829	173
NC_003468.2	1830	171
NC_003468.2	1831	171
NC_003468.2	1832	171
NC_003468.2	1833	171
NC_003468.2	1834	171
NC_003468.2	1835	165
NC_003468.2	1836	183
NC_003468.2	1837	183
NC_003468.2	1838	183
NC_003468.2	1839	183
NC_003468.2	1840	183
NC_003468.2	1841	181
NC_003468.2	1842	181
NC_003468.2	1843	181
NC_003468.2	1844	183
NC_003468.2	1845	181
NC_003468.2	1846	177
NC_003468.2	1847	179
NC_003468.2	1848	179
NC_003468.2	1849	179
NC_003468.2	1850	179
NC_003468.2	1851	179
NC_003468.2	1852	178
NC_003468.2	1853	178
NC_003468.2	1854	178
NC_003468.2	1855	178
NC_003468.2	1856	177
NC_003468.2	1857	176
NC_003468.2	1858	176
NC_003468.2	1859	175
NC_003468.2	1860	176
NC_003468.2	1861	176
NC_003468.2	1862	178
NC_003468.2	1863	178
NC_003468.2	1864	178
NC_003468.2	1865	178
NC_003468.2	1866	178
NC_003468.2	1867	178
NC_003468.2	1868	178
NC_003468.2	1869	178
NC_003468.2	1870	177
NC_003468.2	1871	180
NC_003468.2	1872	178
NC_003468.2	1873	178
NC_003468.2	1874	178
NC_003468.2	1875	178
NC_003468.2	1876	178
NC_003468.2	1877	178
NC_003468.2	1878	180
NC_003468.2	1879	180
NC_003468.2	1880	180
NC_003468.2	1881	180
NC_003468.2	1882	178
NC_003468.2	1883	178
NC_003468.2	1884	176
NC_003468.2	1885	176
NC_003468.2	1886	176
NC_003468.2	1887	176
NC_003468.2	1888	176
NC_003468.2	1889	176
NC_003468.2	1890	176
NC_003468.2	1891	176
NC_003468.2	1892	176
NC_003468.2	1893	176
NC_003468.2	1894	173
NC_003468.2	1895	171
NC_003468.2	1896	165
NC_003468.2	1897	181
NC_003468.2	1898	181
NC_003468.2	1899	180
NC_003468.2	1900	180
NC_003468.2	1901	172
NC_003468.2	1902	172
NC_003468.2	1903	172
NC_003468.2	1904	170
NC_003468.2	1905	170
NC_003468.2	1906	166
NC_003468.2	1907	164
NC_003468.2	1908	164
NC_003468.2	1909	164
NC_003468.2	1910	164
NC_003468.2	1911	164
NC_003468.2	1912	164
NC_003468.2	1913	174
NC_003468.2	1914	174
NC_003468.2	1915	170
NC_003468.2	1916	170
NC_003468.2	1917	168
NC_003468.2	1918	168
NC_003468.2	1919	168
NC_003468.2	1920	168
NC_003468.2	1921	170
NC_003468.2	1922	164
NC_003468.2	1923	164
NC_003468.2	1924	164
NC_003468.2	1925	160
NC_003468.2	1926	161
NC_003468.2	1927	161
NC_003468.2	1928	165
NC_003468.2	1929	164
NC_003468.2	1930	165
NC_003468.2	1931	165
NC_003468.2	1932	161
NC_003468.2	1933	161
NC_003468.2	1934	157
NC_003468.2	1935	157
NC_003468.2	1936	157
NC_003468.2	1937	157
NC_003468.2	1938	157
NC_003468.2	1939	159
NC_003468.2	1940	156
NC_003468.2	1941	158
NC_003468.2	1942	156
NC_003468.2	1943	158
NC_003468.2	1944	158
NC_003468.2	1945	157
NC_003468.2	1946	157
NC_003468.2	1947	157
NC_003468.2	1948	155
NC_003468.2	1949	155
NC_003468.2	1950	150
NC_003468.2	1951	150
NC_003468.2	1952	142
NC_003468.2	1953	142
NC_003468.2	1954	142
NC_003468.2	1955	142
NC_003468.2	1956	140
NC_003468.2	1957	140
NC_003468.2	1958	134
NC_003468.2	1959	134
NC_003468.2	1960	134
NC_003468.2	1961	134
NC_003468.2	1962	127
NC_003468.2	1963	125
NC_003468.2	1964	125
NC_003468.2	1965	125
NC_003468.2	1966	124
NC_003468.2	1967	124
NC_003468.2	1968	124
NC_003468.2	1969	124
NC_003468.2	1970	117
NC_003468.2	1971	116
NC_003468.2	1972	116
NC_003468.2	1973	116
NC_003468.2	1974	116
NC_003468.2	1975	116
NC_003468.2	1976	116
NC_003468.2	1977	116
NC_003468.2	1978	114
NC_003468.2	1979	114
NC_003468.2	1980	114
NC_003468.2	1981	114
NC_003468.2	1982	114
NC_003468.2	1983	114
NC_003468.2	1984	112
NC_003468.2	1985	109
NC_003468.2	1986	109
NC_003468.2	1987	109
NC_003468.2	1988	109
NC_003468.2	1989	109
NC_003468.2	1990	109
NC_003468.2	1991	109
NC_003468.2	1992	109
NC_003468.2	1993	109
NC_003468.2	1994	109
NC_003468.2	1995	109
NC_003468.2	1996	109
NC_003468.2	1997	109
NC_003468.2	1998	100
NC_003468.2	1999	100
NC_003468.2	2000	100
NC_003468.2	2001	100
NC_003468.2	2002	100
NC_003468.2	2003	100
NC_003468.2	2004	100
NC_003468.2	2005	100
NC_003468.2	2006	98
NC_003468.2	2007	98
NC_003468.2	2008	97
NC_003468.2	2009	97
NC_003468.2	2010	97
NC_003468.2	2011	93
NC_003468.2	2012	93
NC_003468.2	2013	93
NC_003468.2	2014	93
NC_003468.2	2015	93
NC_003468.2	2016	91
NC_003468.2	2017	91
NC_003468.2	2018	91
NC_003468.2	2019	89
NC_003468.2	2020	89
NC_003468.2	2021	89
NC_003468.2	2022	89
NC_003468.2	2023	89
NC_003468.2	2024	79
NC_003468.2	2025	81
NC_003468.2	2026	81
NC_003468.2	2027	80
NC_003468.2	2028	80
NC_003468.2	2029	80
NC_003468.2	2030	80
NC_003468.2	2031	80
NC_003468.2	2032	79
NC_003468.2	2033	83
NC_003468.2	2034	79
NC_003468.2	2035	79
NC_003468.2	2036	79
NC_003468.2	2037	79
NC_003468.2	2038	79
NC_003468.2	2039	79
NC_003468.2	2040	79
NC_003468.2	2041	79
NC_003468.2	2042	79
NC_003468.2	2043	79
NC_003468.2	2044	79
NC_003468.2	2045	79
NC_003468.2	2046	76
NC_003468.2	2047	76
NC_003468.2	2048	72
NC_003468.2	2049	72
NC_003468.2	2050	70
NC_003468.2	2051	70
NC_003468.2	2052	70
NC_003468.2	2053	70
NC_003468.2	2054	70
NC_003468.2	2055	70
NC_003468.2	2056	70
NC_003468.2	2057	70
NC_003468.2	2058	70
NC_003468.2	2059	70
NC_003468.2	2060	70
NC_003468.2	2061	62
NC_003468.2	2062	62
NC_003468.2	2063	62
NC_003468.2	2064	62
NC_003468.2	2065	62
NC_003468.2	2066	44
NC_003468.2	2067	44
NC_003468.2	2068	35
NC_003468.2	2069	35
NC_003468.2	2070	35
NC_003468.2	2071	35
NC_003468.2	2072	35
NC_003468.2	2073	35
NC_003468.2	2074	35
NC_003468.2	2075	36
NC_003468.2	2076	36
NC_003468.2	2077	36
NC_003468.2	2078	36
NC_003468.2	2079	36
NC_003468.2	2080	36
NC_003468.2	2081	36
NC_003468.2	2082	36
NC_003468.2	2083	36
NC_003468.2	2084	34
NC_003468.2	2085	34
NC_003468.2	2086	32
NC_003468.2	2087	32
NC_003468.2	2088	32
NC_003468.2	2089	32
NC_003468.2	2090	30
NC_003468.2	2091	30
NC_003468.2	2092	30
NC_003468.2	2093	30
NC_003468.2	2094	25
NC_003468.2	2095	25
NC_003468.2	2096	24
NC_003468.2	2097	24
NC_003468.2	2098	25
NC_003468.2	2099	25
NC_003468.2	2100	25
NC_003468.2	2101	17
NC_003468.2	2102	17
NC_003468.2	2103	17
NC_003468.2	2104	17
NC_003468.2	2105	17
NC_003468.2	2106	17
NC_003468.2	2107	4
NC_003468.2	2108	2
NC_003468.2	2109	2
NC_003468.2	2110	2
NC_003468.2	2111	2
NC_003468.2	2112	2
NC_003468.2	2113	2
NC_003468.2	2114	2
NC_003468.2	2115	2
NC_003468.2	2116	2
NC_003468.2	2117	2
NC_003468.2	2118	2
NC_003468.2	2119	2
NC_003468.2	2120	2
NC_003468.2	2121	2
NC_003468.2	2122	2
NC_003468.2	2123	2
NC_003468.2	2124	2
NC_003468.2	2125	2
NC_003468.2	2126	2
NC_003468.2	2127	2
NC_003468.2	2128	2
NC_003468.2	2129	2
NC_003468.2	2130	2
NC_003468.2	2131	2
NC_003468.2	2132	2
NC_003468.2	2133	2
NC_003468.2	2134	4
NC_003468.2	2135	4
NC_003468.2	2136	8
NC_003468.2	2137	8
NC_003468.2	2138	8
NC_003468.2	2139	8
NC_003468.2	2140	8
NC_003468.2	2141	8
NC_003468.2	2142	8
NC_003468.2	2143	10
NC_003468.2	2144	12
NC_003468.2	2145	18
NC_003468.2	2146	25
NC_003468.2	2147	26
NC_003468.2	2148	34
NC_003468.2	2149	34
NC_003468.2	2150	34
NC_003468.2	2151	35
NC_003468.2	2152	35
NC_003468.2	2153	41
NC_003468.2	2154	41
NC_003468.2	2155	43
NC_003468.2	2156	43
NC_003468.2	2157	43
NC_003468.2	2158	45
NC_003468.2	2159	45
NC_003468.2	2160	45
NC_003468.2	2161	45
NC_003468.2	2162	45
NC_003468.2	2163	52
NC_003468.2	2164	52
NC_003468.2	2165	52
NC_003468.2	2166	54
NC_003468.2	2167	54
NC_003468.2	2168	54
NC_003468.2	2169	54
NC_003468.2	2170	54
NC_003468.2	2171	56
NC_003468.2	2172	63
NC_003468.2	2173	63
NC_003468.2	2174	70
NC_003468.2	2175	70
NC_003468.2	2176	70
NC_003468.2	2177	70
NC_003468.2	2178	71
NC_003468.2	2179	72
NC_003468.2	2180	72
NC_003468.2	2181	72
NC_003468.2	2182	72
NC_003468.2	2183	72
NC_003468.2	2184	72
NC_003468.2	2185	72
NC_003468.2	2186	72
NC_003468.2	2187	72
NC_003468.2	2188	73
NC_003468.2	2189	73
NC_003468.2	2190	73
NC_003468.2	2191	74
NC_003468.2	2192	76
NC_003468.2	2193	77
NC_003468.2	2194	77
NC_003468.2	2195	77
NC_003468.2	2196	78
NC_003468.2	2197	80
NC_003468.2	2198	80
NC_003468.2	2199	80
NC_003468.2	2200	80
NC_003468.2	2201	80
NC_003468.2	2202	80
NC_003468.2	2203	80
NC_003468.2	2204	83
NC_003468.2	2205	81
NC_003468.2	2206	83
NC_003468.2	2207	83
NC_003468.2	2208	83
NC_003468.2	2209	83
NC_003468.2	2210	83
NC_003468.2	2211	83
NC_003468.2	2212	83
NC_003468.2	2213	83
NC_003468.2	2214	84
NC_003468.2	2215	84
NC_003468.2	2216	84
NC_003468.2	2217	88
NC_003468.2	2218	88
NC_003468.2	2219	91
NC_003468.2	2220	91
NC_003468.2	2221	91
NC_003468.2	2222	91
NC_003468.2	2223	93
NC_003468.2	2224	93
NC_003468.2	2225	94
NC_003468.2	2226	94
NC_003468.2	2227	94
NC_003468.2	2228	94
NC_003468.2	2229	94
NC_003468.2	2230	94
NC_003468.2	2231	96
NC_003468.2	2232	99
NC_003468.2	2233	100
NC_003468.2	2234	100
NC_003468.2	2235	100
NC_003468.2	2236	100
NC_003468.2	2237	100
NC_003468.2	2238	100
NC_003468.2	2239	100
NC_003468.2	2240	100
NC_003468.2	2241	100
NC_003468.2	2242	100
NC_003468.2	2243	100
NC_003468.2	2244	100
NC_003468.2	2245	100
NC_003468.2	2246	100
NC_003468.2	2247	100
NC_003468.2	2248	100
NC_003468.2	2249	100
NC_003468.2	2250	100
NC_003468.2	2251	100
NC_003468.2	2252	102
NC_003468.2	2253	102
NC_003468.2	2254	102
NC_003468.2	2255	102
NC_003468.2	2256	103
NC_003468.2	2257	105
NC_003468.2	2258	107
NC_003468.2	2259	107
NC_003468.2	2260	107
NC_003468.2	2261	104
NC_003468.2	2262	104
NC_003468.2	2263	104
NC_003468.2	2264	106
NC_003468.2	2265	105
NC_003468.2	2266	105
NC_003468.2	2267	105
NC_003468.2	2268	105
NC_003468.2	2269	105
NC_003468.2	2270	105
NC_003468.2	2271	105
NC_003468.2	2272	105
NC_003468.2	2273	103
NC_003468.2	2274	101
NC_003468.2	2275	101
NC_003468.2	2276	101
NC_003468.2	2277	101
NC_003468.2	2278	101
NC_003468.2	2279	101
NC_003468.2	2280	101
NC_003468.2	2281	101
NC_003468.2	2282	101
NC_003468.2	2283	101
NC_003468.2	2284	103
NC_003468.2	2285	103
NC_003468.2	2286	103
NC_003468.2	2287	103
NC_003468.2	2288	103
NC_003468.2	2289	103
NC_003468.2	2290	101
NC_003468.2	2291	95
NC_003468.2	2292	95
NC_003468.2	2293	95
NC_003468.2	2294	95
NC_003468.2	2295	95
NC_003468.2	2296	95
NC_003468.2	2297	95
NC_003468.2	2298	95
NC_003468.2	2299	95
NC_003468.2	2300	95
NC_003468.2	2301	95
NC_003468.2	2302	95
NC_003468.2	2303	95
NC_003468.2	2304	95
NC_003468.2	2305	95
NC_003468.2	2306	95
NC_003468.2	2307	95
NC_003468.2	2308	95
NC_003468.2	2309	95
NC_003468.2	2310	101
NC_003468.2	2311	101
NC_003468.2	2312	108
NC_003468.2	2313	108
NC_003468.2	2314	108
NC_003468.2	2315	106
NC_003468.2	2316	106
NC_003468.2	2317	111
NC_003468.2	2318	111
NC_003468.2	2319	111
NC_003468.2	2320	113
NC_003468.2	2321	112
NC_003468.2	2322	112
NC_003468.2	2323	112
NC_003468.2	2324	112
NC_003468.2	2325	112
NC_003468.2	2326	112
NC_003468.2	2327	116
NC_003468.2	2328	116
NC_003468.2	2329	114
NC_003468.2	2330	114
NC_003468.2	2331	114
NC_003468.2	2332	114
NC_003468.2	2333	114
NC_003468.2	2334	115
NC_003468.2	2335	115
NC_003468.2	2336	116
NC_003468.2	2337	124
NC_003468.2	2338	125
NC_003468.2	2339	125
NC_003468.2	2340	124
NC_003468.2	2341	127
NC_003468.2	2342	127
NC_003468.2	2343	127
NC_003468.2	2344	128
NC_003468.2	2345	120
NC_003468.2	2346	122
NC_003468.2	2347	122
NC_003468.2	2348	122
NC_003468.2	2349	122
NC_003468.2	2350	125
NC_003468.2	2351	125
NC_003468.2	2352	125
NC_003468.2	2353	125
NC_003468.2	2354	125
NC_003468.2	2355	125
NC_003468.2	2356	125
NC_003468.2	2357	125
NC_003468.2	2358	127
NC_003468.2	2359	127
NC_003468.2	2360	127
NC_003468.2	2361	127
NC_003468.2	2362	127
NC_003468.2	2363	127
NC_003468.2	2364	127
NC_003468.2	2365	127
NC_003468.2	2366	127
NC_003468.2	2367	127
NC_003468.2	2368	125
NC_003468.2	2369	125
NC_003468.2	2370	125
NC_003468.2	2371	124
NC_003468.2	2372	124
NC_003468.2	2373	123
NC_003468.2	2374	130
NC_003468.2	2375	130
NC_003468.2	2376	133
NC_003468.2	2377	133
NC_003468.2	2378	129
NC_003468.2	2379	129
NC_003468.2	2380	131
NC_003468.2	2381	131
NC_003468.2	2382	131
NC_003468.2	2383	130
NC_003468.2	2384	130
NC_003468.2	2385	130
NC_003468.2	2386	128
NC_003468.2	2387	128
NC_003468.2	2388	132
NC_003468.2	2389	132
NC_003468.2	2390	131
NC_003468.2	2391	131
NC_003468.2	2392	131
NC_003468.2	2393	131
NC_003468.2	2394	137
NC_003468.2	2395	137
NC_003468.2	2396	134
NC_003468.2	2397	134
NC_003468.2	2398	127
NC_003468.2	2399	125
NC_003468.2	2400	125
NC_003468.2	2401	125
NC_003468.2	2402	127
NC_003468.2	2403	126
NC_003468.2	2404	128
NC_003468.2	2405	128
NC_003468.2	2406	129
NC_003468.2	2407	129
NC_003468.2	2408	129
NC_003468.2	2409	129
NC_003468.2	2410	129
NC_003468.2	2411	133
NC_003468.2	2412	133
NC_003468.2	2413	134
NC_003468.2	2414	136
NC_003468.2	2415	136
NC_003468.2	2416	138
NC_003468.2	2417	138
NC_003468.2	2418	138
NC_003468.2	2419	138
NC_003468.2	2420	138
NC_003468.2	2421	137
NC_003468.2	2422	136
NC_003468.2	2423	126
NC_003468.2	2424	128
NC_003468.2	2425	126
NC_003468.2	2426	124
NC_003468.2	2427	132
NC_003468.2	2428	132
NC_003468.2	2429	132
NC_003468.2	2430	138
NC_003468.2	2431	138
NC_003468.2	2432	138
NC_003468.2	2433	138
NC_003468.2	2434	138
NC_003468.2	2435	138
NC_003468.2	2436	138
NC_003468.2	2437	140
NC_003468.2	2438	136
NC_003468.2	2439	132
NC_003468.2	2440	132
NC_003468.2	2441	132
NC_003468.2	2442	132
NC_003468.2	2443	132
NC_003468.2	2444	132
NC_003468.2	2445	132
NC_003468.2	2446	130
NC_003468.2	2447	130
NC_003468.2	2448	133
NC_003468.2	2449	133
NC_003468.2	2450	134
NC_003468.2	2451	134
NC_003468.2	2452	133
NC_003468.2	2453	133
NC_003468.2	2454	133
NC_003468.2	2455	133
NC_003468.2	2456	139
NC_003468.2	2457	139
NC_003468.2	2458	139
NC_003468.2	2459	139
NC_003468.2	2460	139
NC_003468.2	2461	139
NC_003468.2	2462	139
NC_003468.2	2463	139
NC_003468.2	2464	138
NC_003468.2	2465	138
NC_003468.2	2466	140
NC_003468.2	2467	144
NC_003468.2	2468	144
NC_003468.2	2469	144
NC_003468.2	2470	144
NC_003468.2	2471	146
NC_003468.2	2472	150
NC_003468.2	2473	148
NC_003468.2	2474	143
NC_003468.2	2475	142
NC_003468.2	2476	142
NC_003468.2	2477	142
NC_003468.2	2478	148
NC_003468.2	2479	148
NC_003468.2	2480	147
NC_003468.2	2481	145
NC_003468.2	2482	144
NC_003468.2	2483	146
NC_003468.2	2484	146
NC_003468.2	2485	144
NC_003468.2	2486	143
NC_003468.2	2487	145
NC_003468.2	2488	157
NC_003468.2	2489	157
NC_003468.2	2490	157
NC_003468.2	2491	157
NC_003468.2	2492	150
NC_003468.2	2493	148
NC_003468.2	2494	148
NC_003468.2	2495	154
NC_003468.2	2496	154
NC_003468.2	2497	149
NC_003468.2	2498	149
NC_003468.2	2499	148
NC_003468.2	2500	148
NC_003468.2	2501	148
NC_003468.2	2502	148
NC_003468.2	2503	148
NC_003468.2	2504	148
NC_003468.2	2505	148
NC_003468.2	2506	148
NC_003468.2	2507	144
NC_003468.2	2508	144
NC_003468.2	2509	144
NC_003468.2	2510	144
NC_003468.2	2511	144
NC_003468.2	2512	144
NC_003468.2	2513	144
NC_003468.2	2514	146
NC_003468.2	2515	144
NC_003468.2	2516	144
NC_003468.2	2517	143
NC_003468.2	2518	145
NC_003468.2	2519	147
NC_003468.2	2520	147
NC_003468.2	2521	147
NC_003468.2	2522	147
NC_003468.2	2523	144
NC_003468.2	2524	156
NC_003468.2	2525	151
NC_003468.2	2526	151
NC_003468.2	2527	151
NC_003468.2	2528	152
NC_003468.2	2529	152
NC_003468.2	2530	152
NC_003468.2	2531	152
NC_003468.2	2532	153
NC_003468.2	2533	153
NC_003468.2	2534	140
NC_003468.2	2535	140
NC_003468.2	2536	140
NC_003468.2	2537	139
NC_003468.2	2538	139
NC_003468.2	2539	139
NC_003468.2	2540	128
NC_003468.2	2541	128
NC_003468.2	2542	128
NC_003468.2	2543	128
NC_003468.2	2544	128
NC_003468.2	2545	128
NC_003468.2	2546	128
NC_003468.2	2547	128
NC_003468.2	2548	128
NC_003468.2	2549	128
NC_003468.2	2550	132
NC_003468.2	2551	132
NC_003468.2	2552	132
NC_003468.2	2553	134
NC_003468.2	2554	134
NC_003468.2	2555	134
NC_003468.2	2556	135
NC_003468.2	2557	135
NC_003468.2	2558	135
NC_003468.2	2559	135
NC_003468.2	2560	135
NC_003468.2	2561	135
NC_003468.2	2562	137
NC_003468.2	2563	139
NC_003468.2	2564	139
NC_003468.2	2565	139
NC_003468.2	2566	139
NC_003468.2	2567	139
NC_003468.2	2568	139
NC_003468.2	2569	139
NC_003468.2	2570	139
NC_003468.2	2571	139
NC_003468.2	2572	139
NC_003468.2	2573	139
NC_003468.2	2574	138
NC_003468.2	2575	140
NC_003468.2	2576	140
NC_003468.2	2577	140
NC_003468.2	2578	140
NC_003468.2	2579	139
NC_003468.2	2580	139
NC_003468.2	2581	139
NC_003468.2	2582	139
NC_003468.2	2583	139
NC_003468.2	2584	131
NC_003468.2	2585	131
NC_003468.2	2586	131
NC_003468.2	2587	131
NC_003468.2	2588	131
NC_003468.2	2589	131
NC_003468.2	2590	129
NC_003468.2	2591	129
NC_003468.2	2592	129
NC_003468.2	2593	129
NC_003468.2	2594	129
NC_003468.2	2595	129
NC_003468.2	2596	129
NC_003468.2	2597	129
NC_003468.2	2598	129
NC_003468.2	2599	130
NC_003468.2	2600	130
NC_003468.2	2601	130
NC_003468.2	2602	130
NC_003468.2	2603	130
NC_003468.2	2604	130
NC_003468.2	2605	130
NC_003468.2	2606	130
NC_003468.2	2607	130
NC_003468.2	2608	130
NC_003468.2	2609	130
NC_003468.2	2610	128
NC_003468.2	2611	128
NC_003468.2	2612	125
NC_003468.2	2613	126
NC_003468.2	2614	126
NC_003468.2	2615	126
NC_003468.2	2616	126
NC_003468.2	2617	126
NC_003468.2	2618	121
NC_003468.2	2619	121
NC_003468.2	2620	119
NC_003468.2	2621	109
NC_003468.2	2622	110
NC_003468.2	2623	110
NC_003468.2	2624	110
NC_003468.2	2625	110
NC_003468.2	2626	110
NC_003468.2	2627	97
NC_003468.2	2628	97
NC_003468.2	2629	97
NC_003468.2	2630	97
NC_003468.2	2631	97
NC_003468.2	2632	100
NC_003468.2	2633	100
NC_003468.2	2634	100
NC_003468.2	2635	100
NC_003468.2	2636	100
NC_003468.2	2637	99
NC_003468.2	2638	98
NC_003468.2	2639	98
NC_003468.2	2640	97
NC_003468.2	2641	99
NC_003468.2	2642	99
NC_003468.2	2643	99
NC_003468.2	2644	99
NC_003468.2	2645	93
NC_003468.2	2646	93
NC_003468.2	2647	93
NC_003468.2	2648	93
NC_003468.2	2649	93
NC_003468.2	2650	72
NC_003468.2	2651	73
NC_003468.2	2652	74
NC_003468.2	2653	74
NC_003468.2	2654	74
NC_003468.2	2655	75
NC_003468.2	2656	75
NC_003468.2	2657	75
NC_003468.2	2658	75
NC_003468.2	2659	75
NC_003468.2	2660	77
NC_003468.2	2661	77
NC_003468.2	2662	77
NC_003468.2	2663	77
NC_003468.2	2664	77
NC_003468.2	2665	77
NC_003468.2	2666	77
NC_003468.2	2667	77
NC_003468.2	2668	77
NC_003468.2	2669	77
NC_003468.2	2670	77
NC_003468.2	2671	75
NC_003468.2	2672	74
NC_003468.2	2673	74
NC_003468.2	2674	74
NC_003468.2	2675	73
NC_003468.2	2676	73
NC_003468.2	2677	71
NC_003468.2	2678	71
NC_003468.2	2679	71
NC_003468.2	2680	71
NC_003468.2	2681	41
NC_003468.2	2682	40
NC_003468.2	2683	36
NC_003468.2	2684	36
NC_003468.2	2685	36
NC_003468.2	2686	36
NC_003468.2	2687	36
NC_003468.2	2688	35
NC_003468.2	2689	35
NC_003468.2	2690	35
NC_003468.2	2691	36
NC_003468.2	2692	36
NC_003468.2	2693	36
NC_003468.2	2694	34
NC_003468.2	2695	34
NC_003468.2	2696	34
NC_003468.2	2697	30
NC_003468.2	2698	30
NC_003468.2	2699	29
NC_003468.2	2700	29
NC_003468.2	2701	29
NC_003468.2	2702	28
NC_003468.2	2703	28
NC_003468.2	2704	27
NC_003468.2	2705	27
NC_003468.2	2706	27
NC_003468.2	2707	23
NC_003468.2	2708	23
NC_003468.2	2709	23
NC_003468.2	2710	23
NC_003468.2	2711	23
NC_003468.2	2712	23
NC_003468.2	2713	23
NC_003468.2	2714	23
NC_003468.2	2715	23
NC_003468.2	2716	23
NC_003468.2	2717	23
NC_003468.2	2718	23
NC_003468.2	2719	23
NC_003468.2	2720	23
NC_003468.2	2721	23
NC_003468.2	2722	23
NC_003468.2	2723	23
NC_003468.2	2724	23
NC_003468.2	2725	23
NC_003468.2	2726	23
NC_003468.2	2727	23
NC_003468.2	2728	23
NC_003468.2	2729	23
NC_003468.2	2730	25
NC_003468.2	2731	25
NC_003468.2	2732	27
NC_003468.2	2733	27
NC_003468.2	2734	27
NC_003468.2	2735	29
NC_003468.2	2736	29
NC_003468.2	2737	30
NC_003468.2	2738	30
NC_003468.2	2739	32
NC_003468.2	2740	32
NC_003468.2	2741	32
NC_003468.2	2742	32
NC_003468.2	2743	32
NC_003468.2	2744	28
NC_003468.2	2745	28
NC_003468.2	2746	28
NC_003468.2	2747	28
NC_003468.2	2748	28
NC_003468.2	2749	28
NC_003468.2	2750	28
NC_003468.2	2751	28
NC_003468.2	2752	28
NC_003468.2	2753	28
NC_003468.2	2754	28
NC_003468.2	2755	28
NC_003468.2	2756	28
NC_003468.2	2757	28
NC_003468.2	2758	30
NC_003468.2	2759	30
NC_003468.2	2760	30
NC_003468.2	2761	30
NC_003468.2	2762	30
NC_003468.2	2763	31
NC_003468.2	2764	31
NC_003468.2	2765	31
NC_003468.2	2766	31
NC_003468.2	2767	29
NC_003468.2	2768	29
NC_003468.2	2769	29
NC_003468.2	2770	31
NC_003468.2	2771	31
NC_003468.2	2772	31
NC_003468.2	2773	31
NC_003468.2	2774	31
NC_003468.2	2775	31
NC_003468.2	2776	33
NC_003468.2	2777	33
NC_003468.2	2778	33
NC_003468.2	2779	33
NC_003468.2	2780	33
NC_003468.2	2781	38
NC_003468.2	2782	40
NC_003468.2	2783	40
NC_003468.2	2784	40
NC_003468.2	2785	40
NC_003468.2	2786	40
NC_003468.2	2787	40
NC_003468.2	2788	40
NC_003468.2	2789	46
NC_003468.2	2790	46
NC_003468.2	2791	46
NC_003468.2	2792	47
NC_003468.2	2793	47
NC_003468.2	2794	49
NC_003468.2	2795	49
NC_003468.2	2796	49
NC_003468.2	2797	49
NC_003468.2	2798	47
NC_003468.2	2799	48
NC_003468.2	2800	48
NC_003468.2	2801	50
NC_003468.2	2802	50
NC_003468.2	2803	46
NC_003468.2	2804	46
NC_003468.2	2805	46
NC_003468.2	2806	46
NC_003468.2	2807	46
NC_003468.2	2808	51
NC_003468.2	2809	51
NC_003468.2	2810	60
NC_003468.2	2811	60
NC_003468.2	2812	62
NC_003468.2	2813	62
NC_003468.2	2814	60
NC_003468.2	2815	60
NC_003468.2	2816	60
NC_003468.2	2817	60
NC_003468.2	2818	61
NC_003468.2	2819	62
NC_003468.2	2820	63
NC_003468.2	2821	63
NC_003468.2	2822	68
NC_003468.2	2823	74
NC_003468.2	2824	74
NC_003468.2	2825	74
NC_003468.2	2826	74
NC_003468.2	2827	74
NC_003468.2	2828	74
NC_003468.2	2829	74
NC_003468.2	2830	74
NC_003468.2	2831	72
NC_003468.2	2832	75
NC_003468.2	2833	75
NC_003468.2	2834	78
NC_003468.2	2835	79
NC_003468.2	2836	79
NC_003468.2	2837	79
NC_003468.2	2838	78
NC_003468.2	2839	78
NC_003468.2	2840	78
NC_003468.2	2841	78
NC_003468.2	2842	78
NC_003468.2	2843	78
NC_003468.2	2844	78
NC_003468.2	2845	78
NC_003468.2	2846	78
NC_003468.2	2847	78
NC_003468.2	2848	78
NC_003468.2	2849	78
NC_003468.2	2850	82
NC_003468.2	2851	82
NC_003468.2	2852	82
NC_003468.2	2853	82
NC_003468.2	2854	82
NC_003468.2	2855	86
NC_003468.2	2856	88
NC_003468.2	2857	89
NC_003468.2	2858	89
NC_003468.2	2859	89
NC_003468.2	2860	89
NC_003468.2	2861	89
NC_003468.2	2862	89
NC_003468.2	2863	90
NC_003468.2	2864	90
NC_003468.2	2865	90
NC_003468.2	2866	90
NC_003468.2	2867	90
NC_003468.2	2868	90
NC_003468.2	2869	90
NC_003468.2	2870	90
NC_003468.2	2871	90
NC_003468.2	2872	90
NC_003468.2	2873	92
NC_003468.2	2874	90
NC_003468.2	2875	90
NC_003468.2	2876	90
NC_003468.2	2877	90
NC_003468.2	2878	90
NC_003468.2	2879	90
NC_003468.2	2880	90
NC_003468.2	2881	90
NC_003468.2	2882	90
NC_003468.2	2883	92
NC_003468.2	2884	92
NC_003468.2	2885	92
NC_003468.2	2886	92
NC_003468.2	2887	92
NC_003468.2	2888	92
NC_003468.2	2889	92
NC_003468.2	2890	90
NC_003468.2	2891	90
NC_003468.2	2892	90
NC_003468.2	2893	90
NC_003468.2	2894	90
NC_003468.2	2895	90
NC_003468.2	2896	94
NC_003468.2	2897	94
NC_003468.2	2898	94
NC_003468.2	2899	94
NC_003468.2	2900	93
NC_003468.2	2901	93
NC_003468.2	2902	95
NC_003468.2	2903	95
NC_003468.2	2904	95
NC_003468.2	2905	105
NC_003468.2	2906	105
NC_003468.2	2907	109
NC_003468.2	2908	110
NC_003468.2	2909	110
NC_003468.2	2910	104
NC_003468.2	2911	104
NC_003468.2	2912	110
NC_003468.2	2913	108
NC_003468.2	2914	108
NC_003468.2	2915	108
NC_003468.2	2916	106
NC_003468.2	2917	106
NC_003468.2	2918	106
NC_003468.2	2919	106
NC_003468.2	2920	106
NC_003468.2	2921	107
NC_003468.2	2922	107
NC_003468.2	2923	107
NC_003468.2	2924	105
NC_003468.2	2925	105
NC_003468.2	2926	105
NC_003468.2	2927	105
NC_003468.2	2928	105
NC_003468.2	2929	103
NC_003468.2	2930	101
NC_003468.2	2931	101
NC_003468.2	2932	101
NC_003468.2	2933	101
NC_003468.2	2934	101
NC_003468.2	2935	101
NC_003468.2	2936	101
NC_003468.2	2937	103
NC_003468.2	2938	103
NC_003468.2	2939	103
NC_003468.2	2940	102
NC_003468.2	2941	103
NC_003468.2	2942	102
NC_003468.2	2943	102
NC_003468.2	2944	102
NC_003468.2	2945	103
NC_003468.2	2946	101
NC_003468.2	2947	101
NC_003468.2	2948	100
NC_003468.2	2949	100
NC_003468.2	2950	100
NC_003468.2	2951	97
NC_003468.2	2952	97
NC_003468.2	2953	97
NC_003468.2	2954	97
NC_003468.2	2955	97
NC_003468.2	2956	97
NC_003468.2	2957	96
NC_003468.2	2958	95
NC_003468.2	2959	95
NC_003468.2	2960	95
NC_003468.2	2961	95
NC_003468.2	2962	95
NC_003468.2	2963	95
NC_003468.2	2964	96
NC_003468.2	2965	96
NC_003468.2	2966	96
NC_003468.2	2967	96
NC_003468.2	2968	96
NC_003468.2	2969	96
NC_003468.2	2970	96
NC_003468.2	2971	96
NC_003468.2	2972	96
NC_003468.2	2973	99
NC_003468.2	2974	98
NC_003468.2	2975	98
NC_003468.2	2976	98
NC_003468.2	2977	98
NC_003468.2	2978	97
NC_003468.2	2979	97
NC_003468.2	2980	97
NC_003468.2	2981	97
NC_003468.2	2982	97
NC_003468.2	2983	97
NC_003468.2	2984	97
NC_003468.2	2985	99
NC_003468.2	2986	99
NC_003468.2	2987	99
NC_003468.2	2988	99
NC_003468.2	2989	99
NC_003468.2	2990	99
NC_003468.2	2991	102
NC_003468.2	2992	102
NC_003468.2	2993	102
NC_003468.2	2994	101
NC_003468.2	2995	101
NC_003468.2	2996	101
NC_003468.2	2997	101
NC_003468.2	2998	101
NC_003468.2	2999	105
NC_003468.2	3000	105
NC_003468.2	3001	105
NC_003468.2	3002	105
NC_003468.2	3003	105
NC_003468.2	3004	105
NC_003468.2	3005	105
NC_003468.2	3006	105
NC_003468.2	3007	99
NC_003468.2	3008	99
NC_003468.2	3009	99
NC_003468.2	3010	101
NC_003468.2	3011	101
NC_003468.2	3012	107
NC_003468.2	3013	107
NC_003468.2	3014	111
NC_003468.2	3015	111
NC_003468.2	3016	111
NC_003468.2	3017	109
NC_003468.2	3018	109
NC_003468.2	3019	105
NC_003468.2	3020	103
NC_003468.2	3021	93
NC_003468.2	3022	93
NC_003468.2	3023	91
NC_003468.2	3024	91
NC_003468.2	3025	93
NC_003468.2	3026	95
NC_003468.2	3027	95
NC_003468.2	3028	95
NC_003468.2	3029	95
NC_003468.2	3030	95
NC_003468.2	3031	93
NC_003468.2	3032	93
NC_003468.2	3033	91
NC_003468.2	3034	91
NC_003468.2	3035	91
NC_003468.2	3036	91
NC_003468.2	3037	91
NC_003468.2	3038	90
NC_003468.2	3039	90
NC_003468.2	3040	90
NC_003468.2	3041	90
NC_003468.2	3042	90
NC_003468.2	3043	90
NC_003468.2	3044	90
NC_003468.2	3045	90
NC_003468.2	3046	90
NC_003468.2	3047	84
NC_003468.2	3048	84
NC_003468.2	3049	84
NC_003468.2	3050	84
NC_003468.2	3051	84
NC_003468.2	3052	84
NC_003468.2	3053	82
NC_003468.2	3054	82
NC_003468.2	3055	82
NC_003468.2	3056	82
NC_003468.2	3057	82
NC_003468.2	3058	82
NC_003468.2	3059	82
NC_003468.2	3060	82
NC_003468.2	3061	82
NC_003468.2	3062	82
NC_003468.2	3063	82
NC_003468.2	3064	75
NC_003468.2	3065	75
NC_003468.2	3066	73
NC_003468.2	3067	73
NC_003468.2	3068	73
NC_003468.2	3069	73
NC_003468.2	3070	77
NC_003468.2	3071	77
NC_003468.2	3072	77
NC_003468.2	3073	77
NC_003468.2	3074	77
NC_003468.2	3075	77
NC_003468.2	3076	77
NC_003468.2	3077	77
NC_003468.2	3078	75
NC_003468.2	3079	71
NC_003468.2	3080	71
NC_003468.2	3081	71
NC_003468.2	3082	68
NC_003468.2	3083	68
NC_003468.2	3084	68
NC_003468.2	3085	68
NC_003468.2	3086	68
NC_003468.2	3087	68
NC_003468.2	3088	68
NC_003468.2	3089	67
NC_003468.2	3090	63
NC_003468.2	3091	63
NC_003468.2	3092	63
NC_003468.2	3093	61
NC_003468.2	3094	61
NC_003468.2	3095	61
NC_003468.2	3096	61
NC_003468.2	3097	61
NC_003468.2	3098	59
NC_003468.2	3099	59
NC_003468.2	3100	58
NC_003468.2	3101	58
NC_003468.2	3102	58
NC_003468.2	3103	58
NC_003468.2	3104	56
NC_003468.2	3105	57
NC_003468.2	3106	57
NC_003468.2	3107	57
NC_003468.2	3108	57
NC_003468.2	3109	57
NC_003468.2	3110	59
NC_003468.2	3111	55
NC_003468.2	3112	55
NC_003468.2	3113	55
NC_003468.2	3114	55
NC_003468.2	3115	55
NC_003468.2	3116	55
NC_003468.2	3117	55
NC_003468.2	3118	55
NC_003468.2	3119	53
NC_003468.2	3120	53
NC_003468.2	3121	47
NC_003468.2	3122	47
NC_003468.2	3123	45
NC_003468.2	3124	45
NC_003468.2	3125	45
NC_003468.2	3126	47
NC_003468.2	3127	47
NC_003468.2	3128	47
NC_003468.2	3129	47
NC_003468.2	3130	47
NC_003468.2	3131	41
NC_003468.2	3132	41
NC_003468.2	3133	40
NC_003468.2	3134	40
NC_003468.2	3135	33
NC_003468.2	3136	33
NC_003468.2	3137	33
NC_003468.2	3138	33
NC_003468.2	3139	33
NC_003468.2	3140	33
NC_003468.2	3141	33
NC_003468.2	3142	33
NC_003468.2	3143	31
NC_003468.2	3144	31
NC_003468.2	3145	31
NC_003468.2	3146	31
NC_003468.2	3147	31
NC_003468.2	3148	31
NC_003468.2	3149	31
NC_003468.2	3150	31
NC_003468.2	3151	31
NC_003468.2	3152	31
NC_003468.2	3153	31
NC_003468.2	3154	31
NC_003468.2	3155	31
NC_003468.2	3156	26
NC_003468.2	3157	26
NC_003468.2	3158	26
NC_003468.2	3159	26
NC_003468.2	3160	26
NC_003468.2	3161	26
NC_003468.2	3162	26
NC_003468.2	3163	25
NC_003468.2	3164	25
NC_003468.2	3165	25
NC_003468.2	3166	25
NC_003468.2	3167	25
NC_003468.2	3168	25
NC_003468.2	3169	25
NC_003468.2	3170	25
NC_003468.2	3171	25
NC_003468.2	3172	25
NC_003468.2	3173	25
NC_003468.2	3174	25
NC_003468.2	3175	25
NC_003468.2	3176	25
NC_003468.2	3177	23
NC_003468.2	3178	23
NC_003468.2	3179	23
NC_003468.2	3180	23
NC_003468.2	3181	23
NC_003468.2	3182	23
NC_003468.2	3183	19
NC_003468.2	3184	19
NC_003468.2	3185	19
NC_003468.2	3186	19
NC_003468.2	3187	19
NC_003468.2	3188	17
NC_003468.2	3189	17
NC_003468.2	3190	17
NC_003468.2	3191	17
NC_003468.2	3192	17
NC_003468.2	3193	17
NC_003468.2	3194	17
NC_003468.2	3195	17
NC_003468.2	3196	17
NC_003468.2	3197	17
NC_003468.2	3198	17
NC_003468.2	3199	17
NC_003468.2	3200	15
NC_003468.2	3201	14
NC_003468.2	3202	14
NC_003468.2	3203	14
NC_003468.2	3204	14
NC_003468.2	3205	14
NC_003468.2	3206	13
NC_003468.2	3207	13
NC_003468.2	3208	12
NC_003468.2	3209	12
NC_003468.2	3210	12
NC_003468.2	3211	12
NC_003468.2	3212	12
NC_003468.2	3213	12
NC_003468.2	3214	12
NC_003468.2	3215	11
NC_003468.2	3216	11
NC_003468.2	3217	11
NC_003468.2	3218	11
NC_003468.2	3219	11
NC_003468.2	3220	11
NC_003468.2	3221	11
NC_003468.2	3222	11
NC_003468.2	3223	11
NC_003468.2	3224	11
NC_003468.2	3225	11
NC_003468.2	3226	11
NC_003468.2	3227	11
NC_003468.2	3228	11
NC_003468.2	3229	11
NC_003468.2	3230	11
NC_003468.2	3231	11
NC_003468.2	3232	11
NC_003468.2	3233	11
NC_003468.2	3234	11
NC_003468.2	3235	11
NC_003468.2	3236	13
NC_003468.2	3237	13
NC_003468.2	3238	13
NC_003468.2	3239	13
NC_003468.2	3240	13
NC_003468.2	3241	13
NC_003468.2	3242	12
NC_003468.2	3243	8
NC_003468.2	3244	8
NC_003468.2	3245	8
NC_003468.2	3246	7
NC_003468.2	3247	7
NC_003468.2	3248	7
NC_003468.2	3249	7
NC_003468.2	3250	7
NC_003468.2	3251	7
NC_003468.2	3252	7
NC_003468.2	3253	7
NC_003468.2	3254	7
NC_003468.2	3255	7
NC_003468.2	3256	7
NC_003468.2	3257	7
NC_003468.2	3258	7
NC_003468.2	3259	7
NC_003468.2	3260	5
NC_003468.2	3261	5
NC_003468.2	3262	5
NC_003468.2	3263	3
NC_003468.2	3264	3
NC_003468.2	3265	2
NC_003468.2	3266	2
NC_003468.2	3267	2
NC_003468.2	3268	2
NC_003468.2	3269	2
NC_003468.2	3270	2
NC_003468.2	3271	2
NC_003468.2	3272	2
NC_003468.2	3273	2
NC_003468.2	3274	2
NC_003468.2	3275	2
NC_003468.2	3276	2
NC_003468.2	3277	2
NC_003468.2	3278	2
NC_003468.2	3279	2
NC_003468.2	3280	2
NC_003468.2	3281	2
NC_003468.2	3282	2
NC_003468.2	3283	2
NC_003468.2	3284	2
NC_003468.2	3285	2
NC_003468.2	3286	2
NC_003468.2	3287	2
NC_003468.2	3288	2
NC_003468.2	3289	2
NC_003468.2	3290	2
NC_003468.2	3291	2
NC_003468.2	3292	2
NC_003468.2	3293	2
NC_003468.2	3294	2
NC_003468.2	3295	2
NC_003468.2	3296	2
NC_003468.2	3297	2
NC_003468.2	3298	2
NC_003468.2	3299	2
NC_003468.2	3300	2
NC_003468.2	3301	2
NC_003468.2	3302	2
NC_003468.2	3303	2
NC_003468.2	3304	2
NC_003468.2	3305	2
NC_003468.2	3306	2
NC_003468.2	3307	2
NC_003468.2	3308	2
NC_003468.2	3309	2
NC_003468.2	3310	2
NC_003468.2	3311	2
NC_003468.2	3312	2
NC_003468.2	3313	2
NC_003468.2	3314	2
NC_003468.2	3315	2
NC_003468.2	3316	2
NC_003468.2	3317	2
NC_003468.2	3318	2
NC_003468.2	3319	2
NC_003468.2	3320	2
NC_003468.2	3321	2
NC_003468.2	3322	2
NC_003468.2	3323	2
NC_003468.2	3324	2
NC_003468.2	3325	2
NC_003468.2	3326	2
NC_003468.2	3327	2
NC_003468.2	3328	2
NC_003468.2	3329	2
NC_003468.2	3330	2
NC_003468.2	3331	2
NC_003468.2	3332	2
NC_003468.2	3333	2
NC_003468.2	3334	2
NC_003468.2	3335	2
NC_003468.2	3336	2
NC_003468.2	3337	2
NC_003468.2	3338	2
NC_003468.2	3339	2
NC_003468.2	3340	2
NC_003468.2	3341	2
NC_003468.2	3342	2
NC_003468.2	3343	2
NC_003468.2	3344	2
NC_003468.2	3345	2
NC_003468.2	3346	2
NC_003468.2	3347	2
NC_003468.2	3348	2
NC_003468.2	3349	2
NC_003468.2	3350	2
NC_003468.2	3351	4
NC_003468.2	3352	4
NC_003468.2	3353	4
NC_003468.2	3354	4
NC_003468.2	3355	4
NC_003468.2	3356	4
NC_003468.2	3357	4
NC_003468.2	3358	4
NC_003468.2	3359	4
NC_003468.2	3360	4
NC_003468.2	3361	4
NC_003468.2	3362	4
NC_003468.2	3363	4
NC_003468.2	3364	4
NC_003468.2	3365	4
NC_003468.2	3366	5
NC_003468.2	3367	5
NC_003468.2	3368	5
NC_003468.2	3369	5
NC_003468.2	3370	5
NC_003468.2	3371	5
NC_003468.2	3372	5
NC_003468.2	3373	5
NC_003468.2	3374	5
NC_003468.2	3375	5
NC_003468.2	3376	5
NC_003468.2	3377	5
NC_003468.2	3378	5
NC_003468.2	3379	5
NC_003468.2	3380	5
NC_003468.2	3381	5
NC_003468.2	3382	5
NC_003468.2	3383	5
NC_003468.2	3384	5
NC_003468.2	3385	5
NC_003468.2	3386	5
NC_003468.2	3387	5
NC_003468.2	3388	5
NC_003468.2	3389	5
NC_003468.2	3390	5
NC_003468.2	3391	5
NC_003468.2	3392	5
NC_003468.2	3393	5
NC_003468.2	3394	5
NC_003468.2	3395	5
NC_003468.2	3396	5
NC_003468.2	3397	5
NC_003468.2	3398	5
NC_003468.2	3399	5
NC_003468.2	3400	5
NC_003468.2	3401	5
NC_003468.2	3402	5
NC_003468.2	3403	5
NC_003468.2	3404	7
NC_003468.2	3405	7
NC_003468.2	3406	7
NC_003468.2	3407	7
NC_003468.2	3408	7
NC_003468.2	3409	7
NC_003468.2	3410	7
NC_003468.2	3411	7
NC_003468.2	3412	7
NC_003468.2	3413	7
NC_003468.2	3414	7
NC_003468.2	3415	8
NC_003468.2	3416	8
NC_003468.2	3417	8
NC_003468.2	3418	8
NC_003468.2	3419	8
NC_003468.2	3420	8
NC_003468.2	3421	8
NC_003468.2	3422	8
NC_003468.2	3423	8
NC_003468.2	3424	8
NC_003468.2	3425	8
NC_003468.2	3426	8
NC_003468.2	3427	8
NC_003468.2	3428	8
NC_003468.2	3429	8
NC_003468.2	3430	8
NC_003468.2	3431	8
NC_003468.2	3432	8
NC_003468.2	3433	8
NC_003468.2	3434	8
NC_003468.2	3435	8
NC_003468.2	3436	8
NC_003468.2	3437	8
NC_003468.2	3438	8
NC_003468.2	3439	8
NC_003468.2	3440	8
NC_003468.2	3441	8
NC_003468.2	3442	8
NC_003468.2	3443	8
NC_003468.2	3444	6
NC_003468.2	3445	6
NC_003468.2	3446	6
NC_003468.2	3447	6
NC_003468.2	3448	6
NC_003468.2	3449	6
NC_003468.2	3450	6
NC_003468.2	3451	6
NC_003468.2	3452	6
NC_003468.2	3453	6
NC_003468.2	3454	6
NC_003468.2	3455	6
NC_003468.2	3456	6
NC_003468.2	3457	6
NC_003468.2	3458	6
NC_003468.2	3459	6
NC_003468.2	3460	6
NC_003468.2	3461	6
NC_003468.2	3462	6
NC_003468.2	3463	6
NC_003468.2	3464	8
NC_003468.2	3465	8
NC_003468.2	3466	8
NC_003468.2	3467	8
NC_003468.2	3468	8
NC_003468.2	3469	8
NC_003468.2	3470	8
NC_003468.2	3471	8
NC_003468.2	3472	8
NC_003468.2	3473	8
NC_003468.2	3474	8
NC_003468.2	3475	8
NC_003468.2	3476	8
NC_003468.2	3477	8
NC_003468.2	3478	8
NC_003468.2	3479	8
NC_003468.2	3480	8
NC_003468.2	3481	8
NC_003468.2	3482	8
NC_003468.2	3483	8
NC_003468.2	3484	8
NC_003468.2	3485	8
NC_003468.2	3486	8
NC_003468.2	3487	8
NC_003468.2	3488	8
NC_003468.2	3489	8
NC_003468.2	3490	8
NC_003468.2	3491	8
NC_003468.2	3492	8
NC_003468.2	3493	8
NC_003468.2	3494	8
NC_003468.2	3495	8
NC_003468.2	3496	8
NC_003468.2	3497	8
NC_003468.2	3498	8
NC_003468.2	3499	8
NC_003468.2	3500	8
NC_003468.2	3501	8
NC_003468.2	3502	8
NC_003468.2	3503	8
NC_003468.2	3504	8
NC_003468.2	3505	8
NC_003468.2	3506	8
NC_003468.2	3507	8
NC_003468.2	3508	8
NC_003468.2	3509	8
NC_003468.2	3510	8
NC_003468.2	3511	8
NC_003468.2	3512	8
NC_003468.2	3513	8
NC_003468.2	3514	8
NC_003468.2	3515	8
NC_003468.2	3516	8
NC_003468.2	3517	8
NC_003468.2	3518	8
NC_003468.2	3519	8
NC_003468.2	3520	8
NC_003468.2	3521	8
NC_003468.2	3522	8
NC_003468.2	3523	8
NC_003468.2	3524	8
NC_003468.2	3525	8
NC_003468.2	3526	8
NC_003468.2	3527	8
NC_003468.2	3528	8
NC_003468.2	3529	8
NC_003468.2	3530	8
NC_003468.2	3531	8
NC_003468.2	3532	8
NC_003468.2	3533	8
NC_003468.2	3534	8
NC_003468.2	3535	8
NC_003468.2	3536	8
NC_003468.2	3537	8
NC_003468.2	3538	8
NC_003468.2	3539	6
NC_003468.2	3540	6
NC_003468.2	3541	6
NC_003468.2	3542	6
NC_003468.2	3543	6
NC_003468.2	3544	6
NC_003468.2	3545	6
NC_003468.2	3546	6
NC_003468.2	3547	6
NC_003468.2	3548	6
NC_003468.2	3549	6
NC_003468.2	3550	6
NC_003468.2	3551	6
NC_003468.2	3552	6
NC_003468.2	3553	6
NC_003468.2	3554	6
NC_003468.2	3555	6
NC_003468.2	3556	6
NC_003468.2	3557	6
NC_003468.2	3558	6
NC_003468.2	3559	6
NC_003468.2	3560	6
NC_003468.2	3561	6
NC_003468.2	3562	6
NC_003468.2	3563	6
NC_003468.2	3564	6
NC_003468.2	3565	6
NC_003468.2	3566	6
NC_003468.2	3567	6
NC_003468.2	3568	6
NC_003468.2	3569	6
NC_003468.2	3570	6
NC_003468.2	3571	6
NC_003468.2	3572	6
NC_003468.2	3573	6
NC_003468.2	3574	8
NC_003468.2	3575	8
NC_003468.2	3576	8
NC_003468.2	3577	8
NC_003468.2	3578	8
NC_003468.2	3579	8
NC_003468.2	3580	8
NC_003468.2	3581	8
NC_003468.2	3582	8
NC_003468.2	3583	8
NC_003468.2	3584	8
NC_003468.2	3585	8
NC_003468.2	3586	8
NC_003468.2	3587	8
NC_003468.2	3588	8
NC_003468.2	3589	8
NC_003468.2	3590	8
NC_003468.2	3591	8
NC_003468.2	3592	8
NC_003468.2	3593	8
NC_003468.2	3594	8
NC_003468.2	3595	8
NC_003468.2	3596	6
NC_003468.2	3597	6
NC_003468.2	3598	6
NC_003468.2	3599	6
NC_003468.2	3600	6
NC_003468.2	3601	6
NC_003468.2	3602	6
NC_003468.2	3603	6
NC_003468.2	3604	6
NC_003468.2	3605	6
NC_003468.2	3606	6
NC_003468.2	3607	6
NC_003468.2	3608	6
NC_003468.2	3609	6
NC_003468.2	3610	6
NC_003468.2	3611	6
NC_003468.2	3612	6
NC_003468.2	3613	6
NC_003468.2	3614	6
NC_003468.2	3615	6
NC_003468.2	3616	6
NC_003468.2	3617	6
NC_003468.2	3618	6
NC_003468.2	3619	6
NC_003468.2	3620	6
NC_003468.2	3621	6
NC_003468.2	3622	6
NC_003468.2	3623	6
NC_003468.2	3624	6
NC_003468.2	3625	6
NC_003468.2	3626	6
NC_003468.2	3627	6
NC_003468.2	3628	6
NC_003468.2	3629	6
NC_003468.2	3630	6
NC_003468.2	3631	6
NC_003468.2	3632	6
NC_003468.2	3633	6
NC_003468.2	3634	6
NC_003468.2	3635	6
NC_003468.2	3636	6
NC_003468.2	3637	6
NC_003468.2	3638	6
NC_003468.2	3639	6
NC_003468.2	3640	6
NC_003468.2	3641	6
NC_003468.2	3642	6
NC_003468.2	3643	6
NC_003468.2	3644	6
NC_003468.2	3645	6
NC_003468.2	3646	6
NC_003468.2	3647	6
NC_003468.2	3648	6
NC_003468.2	3649	6
NC_003468.2	3650	6
NC_003468.2	3651	6
NC_003468.2	3652	6
NC_003468.2	3653	6
NC_003468.2	3654	6
NC_003468.2	3655	6
NC_003468.2	3656	6
NC_003468.2	3657	6
NC_003468.2	3658	6
NC_003468.2	3659	6
NC_003468.2	3660	6
NC_003468.2	3661	6
NC_003468.2	3662	6
NC_003468.2	3663	6
NC_003468.2	3664	6
NC_003468.2	3665	6
NC_003468.2	3666	6
NC_003468.2	3667	5
NC_003468.2	3668	5
NC_003468.2	3669	5
NC_003468.2	3670	5
NC_003468.2	3671	5
NC_003468.2	3672	5
NC_003468.2	3673	5
NC_003468.2	3674	5
NC_003468.2	3675	5
NC_003468.2	3676	5
NC_003468.2	3677	5
NC_003468.2	3678	5
NC_003468.2	3679	5
NC_003468.2	3680	5
NC_003468.2	3681	3
NC_003468.2	3682	3
NC_003468.2	3683	3
NC_003468.2	3684	3
NC_003468.2	3685	3
NC_003468.2	3686	3
NC_003468.2	3687	3
NC_003468.2	3688	3
NC_003468.2	3689	3
NC_003468.2	3690	3
NC_003468.2	3691	3
NC_003468.2	3692	3
NC_003468.2	3693	3
NC_003468.2	3694	3
NC_003468.2	3695	3
NC_003468.2	3696	3
NC_003468.2	3697	3
NC_003468.2	3698	3
NC_003468.2	3699	3
NC_003468.2	3700	3
NC_003468.2	3701	3
NC_003468.2	3702	3
NC_003468.2	3703	3
NC_003468.2	3704	3
NC_003468.2	3705	3
NC_003468.2	3706	3
NC_003468.2	3707	3
NC_003468.2	3708	3
NC_003468.2	3709	3
NC_003468.2	3710	3
NC_003468.2	3711	3
NC_003468.2	3712	3
NC_003468.2	3713	3
NC_003468.2	3714	3
NC_003468.2	3715	2
NC_003468.2	3716	2
NC_003468.2	3717	2
NC_003468.2	3718	2
NC_003468.2	3719	2
NC_003468.2	3720	2
NC_003468.2	3721	2
NC_003468.2	3722	2
NC_003468.2	3723	2
NC_003468.2	3724	2
NC_003468.2	3725	2
NC_003468.2	3726	2
NC_003468.2	3727	2
NC_003468.2	3728	2
NC_003468.2	3729	2
NC_003468.2	3730	2
NC_003468.2	3731	2
NC_003468.2	3732	0
NC_003468.2	3733	0
NC_003468.2	3734	0
NC_003468.2	3735	0
NC_003468.2	3736	0
NC_003468.2	3737	0
NC_003468.2	3738	0
NC_003468.2	3739	0
NC_003468.2	3740	0
NC_003468.2	3741	0
NC_003468.2	3742	0
NC_003468.2	3743	0
NC_003468.2	3744	0
NC_003468.2	3745	0
NC_003468.2	3746	0
NC_003468.2	3747	0
NC_003468.2	3748	0
NC_003468.2	3749	0
NC_003468.2	3750	0
NC_003468.2	3751	0
NC_003468.2	3752	0
NC_003468.2	3753	0
NC_003468.2	3754	0
NC_003468.2	3755	0
NC_003468.2	3756	0
NC_003468.2	3757	0
NC_003468.2	3758	0
NC_003468.2	3759	0
NC_003468.2	3760	3
NC_003468.2	3761	3
NC_003468.2	3762	5
NC_003468.2	3763	10
NC_003468.2	3764	10
NC_003468.2	3765	12
NC_003468.2	3766	14
NC_003468.2	3767	16
NC_003468.2	3768	16
NC_003468.2	3769	16
NC_003468.2	3770	16
NC_003468.2	3771	16
NC_003468.2	3772	18
NC_003468.2	3773	18
NC_003468.2	3774	27
NC_003468.2	3775	27
NC_003468.2	3776	33
NC_003468.2	3777	33
NC_003468.2	3778	33
NC_003468.2	3779	33
NC_003468.2	3780	33
NC_003468.2	3781	33
NC_003468.2	3782	37
NC_003468.2	3783	37
NC_003468.2	3784	43
NC_003468.2	3785	43
NC_003468.2	3786	43
NC_003468.2	3787	43
NC_003468.2	3788	43
NC_003468.2	3789	43
NC_003468.2	3790	43
NC_003468.2	3791	43
NC_003468.2	3792	47
NC_003468.2	3793	47
NC_003468.2	3794	47
NC_003468.2	3795	49
NC_003468.2	3796	51
NC_003468.2	3797	54
NC_003468.2	3798	54
NC_003468.2	3799	54
NC_003468.2	3800	54
NC_003468.2	3801	52
NC_003468.2	3802	52
NC_003468.2	3803	55
NC_003468.2	3804	55
NC_003468.2	3805	55
NC_003468.2	3806	56
NC_003468.2	3807	57
NC_003468.2	3808	58
NC_003468.2	3809	58
NC_003468.2	3810	58
NC_003468.2	3811	58
NC_003468.2	3812	58
NC_003468.2	3813	58
NC_003468.2	3814	68
NC_003468.2	3815	68
NC_003468.2	3816	68
NC_003468.2	3817	68
NC_003468.2	3818	68
NC_003468.2	3819	71
NC_003468.2	3820	77
NC_003468.2	3821	77
NC_003468.2	3822	78
NC_003468.2	3823	80
NC_003468.2	3824	80
NC_003468.2	3825	81
NC_003468.2	3826	81
NC_003468.2	3827	81
NC_003468.2	3828	81
NC_003468.2	3829	81
NC_003468.2	3830	83
NC_003468.2	3831	86
NC_003468.2	3832	86
NC_003468.2	3833	86
NC_003468.2	3834	85
NC_003468.2	3835	85
NC_003468.2	3836	85
NC_003468.2	3837	85
NC_003468.2	3838	85
NC_003468.2	3839	87
NC_003468.2	3840	87
NC_003468.2	3841	88
NC_003468.2	3842	90
NC_003468.2	3843	90
NC_003468.2	3844	90
NC_003468.2	3845	94
NC_003468.2	3846	94
NC_003468.2	3847	94
NC_003468.2	3848	94
NC_003468.2	3849	94
NC_003468.2	3850	96
NC_003468.2	3851	108
NC_003468.2	3852	108
NC_003468.2	3853	109
NC_003468.2	3854	109
NC_003468.2	3855	113
NC_003468.2	3856	113
NC_003468.2	3857	113
NC_003468.2	3858	111
NC_003468.2	3859	111
NC_003468.2	3860	111
NC_003468.2	3861	111
NC_003468.2	3862	111
NC_003468.2	3863	111
NC_003468.2	3864	111
NC_003468.2	3865	111
NC_003468.2	3866	113
NC_003468.2	3867	113
NC_003468.2	3868	113
NC_003468.2	3869	113
NC_003468.2	3870	113
NC_003468.2	3871	113
NC_003468.2	3872	113
NC_003468.2	3873	113
NC_003468.2	3874	113
NC_003468.2	3875	114
NC_003468.2	3876	115
NC_003468.2	3877	115
NC_003468.2	3878	115
NC_003468.2	3879	115
NC_003468.2	3880	115
NC_003468.2	3881	117
NC_003468.2	3882	117
NC_003468.2	3883	117
NC_003468.2	3884	117
NC_003468.2	3885	123
NC_003468.2	3886	123
NC_003468.2	3887	123
NC_003468.2	3888	123
NC_003468.2	3889	123
NC_003468.2	3890	123
NC_003468.2	3891	123
NC_003468.2	3892	124
NC_003468.2	3893	124
NC_003468.2	3894	126
NC_003468.2	3895	126
NC_003468.2	3896	125
NC_003468.2	3897	125
NC_003468.2	3898	125
NC_003468.2	3899	125
NC_003468.2	3900	125
NC_003468.2	3901	127
NC_003468.2	3902	127
NC_003468.2	3903	127
NC_003468.2	3904	127
NC_003468.2	3905	127
NC_003468.2	3906	127
NC_003468.2	3907	127
NC_003468.2	3908	127
NC_003468.2	3909	127
NC_003468.2	3910	127
NC_003468.2	3911	127
NC_003468.2	3912	127
NC_003468.2	3913	127
NC_003468.2	3914	127
NC_003468.2	3915	127
NC_003468.2	3916	127
NC_003468.2	3917	127
NC_003468.2	3918	127
NC_003468.2	3919	127
NC_003468.2	3920	128
NC_003468.2	3921	130
NC_003468.2	3922	135
NC_003468.2	3923	137
NC_003468.2	3924	137
NC_003468.2	3925	137
NC_003468.2	3926	137
NC_003468.2	3927	137
NC_003468.2	3928	137
NC_003468.2	3929	137
NC_003468.2	3930	138
NC_003468.2	3931	138
NC_003468.2	3932	140
NC_003468.2	3933	141
NC_003468.2	3934	145
NC_003468.2	3935	145
NC_003468.2	3936	137
NC_003468.2	3937	137
NC_003468.2	3938	137
NC_003468.2	3939	137
NC_003468.2	3940	137
NC_003468.2	3941	137
NC_003468.2	3942	137
NC_003468.2	3943	135
NC_003468.2	3944	134
NC_003468.2	3945	139
NC_003468.2	3946	141
NC_003468.2	3947	141
NC_003468.2	3948	141
NC_003468.2	3949	141
NC_003468.2	3950	141
NC_003468.2	3951	143
NC_003468.2	3952	142
NC_003468.2	3953	141
NC_003468.2	3954	140
NC_003468.2	3955	140
NC_003468.2	3956	140
NC_003468.2	3957	170
NC_003468.2	3958	171
NC_003468.2	3959	171
NC_003468.2	3960	172
NC_003468.2	3961	163
NC_003468.2	3962	163
NC_003468.2	3963	163
NC_003468.2	3964	164
NC_003468.2	3965	162
NC_003468.2	3966	145
NC_003468.2	3967	145
NC_003468.2	3968	145
NC_003468.2	3969	145
NC_003468.2	3970	145
NC_003468.2	3971	145
NC_003468.2	3972	145
NC_003468.2	3973	145
NC_003468.2	3974	145
NC_003468.2	3975	145
NC_003468.2	3976	145
NC_003468.2	3977	145
NC_003468.2	3978	145
NC_003468.2	3979	145
NC_003468.2	3980	145
NC_003468.2	3981	144
NC_003468.2	3982	144
NC_003468.2	3983	152
NC_003468.2	3984	154
NC_003468.2	3985	156
NC_003468.2	3986	156
NC_003468.2	3987	156
NC_003468.2	3988	156
NC_003468.2	3989	156
NC_003468.2	3990	156
NC_003468.2	3991	156
NC_003468.2	3992	155
NC_003468.2	3993	155
NC_003468.2	3994	155
NC_003468.2	3995	155
NC_003468.2	3996	155
NC_003468.2	3997	155
NC_003468.2	3998	155
NC_003468.2	3999	151
NC_003468.2	4000	149
NC_003468.2	4001	149
NC_003468.2	4002	149
NC_003468.2	4003	149
NC_003468.2	4004	149
NC_003468.2	4005	149
NC_003468.2	4006	141
NC_003468.2	4007	141
NC_003468.2	4008	141
NC_003468.2	4009	141
NC_003468.2	4010	137
NC_003468.2	4011	137
NC_003468.2	4012	137
NC_003468.2	4013	137
NC_003468.2	4014	137
NC_003468.2	4015	139
NC_003468.2	4016	139
NC_003468.2	4017	139
NC_003468.2	4018	139
NC_003468.2	4019	139
NC_003468.2	4020	139
NC_003468.2	4021	139
NC_003468.2	4022	139
NC_003468.2	4023	139
NC_003468.2	4024	139
NC_003468.2	4025	141
NC_003468.2	4026	141
NC_003468.2	4027	141
NC_003468.2	4028	141
NC_003468.2	4029	142
NC_003468.2	4030	142
NC_003468.2	4031	142
NC_003468.2	4032	140
NC_003468.2	4033	140
NC_003468.2	4034	140
NC_003468.2	4035	140
NC_003468.2	4036	140
NC_003468.2	4037	138
NC_003468.2	4038	138
NC_003468.2	4039	138
NC_003468.2	4040	136
NC_003468.2	4041	136
NC_003468.2	4042	136
NC_003468.2	4043	136
NC_003468.2	4044	136
NC_003468.2	4045	136
NC_003468.2	4046	136
NC_003468.2	4047	136
NC_003468.2	4048	136
NC_003468.2	4049	136
NC_003468.2	4050	136
NC_003468.2	4051	140
NC_003468.2	4052	140
NC_003468.2	4053	138
NC_003468.2	4054	138
NC_003468.2	4055	138
NC_003468.2	4056	140
NC_003468.2	4057	140
NC_003468.2	4058	140
NC_003468.2	4059	138
NC_003468.2	4060	138
NC_003468.2	4061	136
NC_003468.2	4062	136
NC_003468.2	4063	141
NC_003468.2	4064	141
NC_003468.2	4065	141
NC_003468.2	4066	136
NC_003468.2	4067	136
NC_003468.2	4068	136
NC_003468.2	4069	136
NC_003468.2	4070	136
NC_003468.2	4071	136
NC_003468.2	4072	133
NC_003468.2	4073	127
NC_003468.2	4074	127
NC_003468.2	4075	127
NC_003468.2	4076	127
NC_003468.2	4077	127
NC_003468.2	4078	127
NC_003468.2	4079	127
NC_003468.2	4080	127
NC_003468.2	4081	127
NC_003468.2	4082	127
NC_003468.2	4083	127
NC_003468.2	4084	125
NC_003468.2	4085	123
NC_003468.2	4086	123
NC_003468.2	4087	123
NC_003468.2	4088	123
NC_003468.2	4089	123
NC_003468.2	4090	123
NC_003468.2	4091	123
NC_003468.2	4092	122
NC_003468.2	4093	122
NC_003468.2	4094	122
NC_003468.2	4095	122
NC_003468.2	4096	122
NC_003468.2	4097	122
NC_003468.2	4098	122
NC_003468.2	4099	120
NC_003468.2	4100	120
NC_003468.2	4101	120
NC_003468.2	4102	120
NC_003468.2	4103	120
NC_003468.2	4104	117
NC_003468.2	4105	117
NC_003468.2	4106	120
NC_003468.2	4107	120
NC_003468.2	4108	132
NC_003468.2	4109	132
NC_003468.2	4110	134
NC_003468.2	4111	134
NC_003468.2	4112	132
NC_003468.2	4113	132
NC_003468.2	4114	132
NC_003468.2	4115	127
NC_003468.2	4116	124
NC_003468.2	4117	108
NC_003468.2	4118	108
NC_003468.2	4119	105
NC_003468.2	4120	105
NC_003468.2	4121	105
NC_003468.2	4122	105
NC_003468.2	4123	103
NC_003468.2	4124	101
NC_003468.2	4125	102
NC_003468.2	4126	107
NC_003468.2	4127	114
NC_003468.2	4128	114
NC_003468.2	4129	116
NC_003468.2	4130	116
NC_003468.2	4131	116
NC_003468.2	4132	116
NC_003468.2	4133	116
NC_003468.2	4134	109
NC_003468.2	4135	108
NC_003468.2	4136	108
NC_003468.2	4137	114
NC_003468.2	4138	114
NC_003468.2	4139	116
NC_003468.2	4140	115
NC_003468.2	4141	113
NC_003468.2	4142	115
NC_003468.2	4143	113
NC_003468.2	4144	113
NC_003468.2	4145	115
NC_003468.2	4146	113
NC_003468.2	4147	115
NC_003468.2	4148	115
NC_003468.2	4149	115
NC_003468.2	4150	115
NC_003468.2	4151	115
NC_003468.2	4152	115
NC_003468.2	4153	115
NC_003468.2	4154	114
NC_003468.2	4155	114
NC_003468.2	4156	108
NC_003468.2	4157	108
NC_003468.2	4158	108
NC_003468.2	4159	108
NC_003468.2	4160	108
NC_003468.2	4161	108
NC_003468.2	4162	108
NC_003468.2	4163	108
NC_003468.2	4164	108
NC_003468.2	4165	108
NC_003468.2	4166	108
NC_003468.2	4167	108
NC_003468.2	4168	108
NC_003468.2	4169	108
NC_003468.2	4170	108
NC_003468.2	4171	110
NC_003468.2	4172	109
NC_003468.2	4173	107
NC_003468.2	4174	107
NC_003468.2	4175	107
NC_003468.2	4176	104
NC_003468.2	4177	104
NC_003468.2	4178	104
NC_003468.2	4179	104
NC_003468.2	4180	103
NC_003468.2	4181	102
NC_003468.2	4182	102
NC_003468.2	4183	102
NC_003468.2	4184	102
NC_003468.2	4185	97
NC_003468.2	4186	97
NC_003468.2	4187	95
NC_003468.2	4188	95
NC_003468.2	4189	95
NC_003468.2	4190	95
NC_003468.2	4191	95
NC_003468.2	4192	95
NC_003468.2	4193	94
NC_003468.2	4194	94
NC_003468.2	4195	90
NC_003468.2	4196	90
NC_003468.2	4197	90
NC_003468.2	4198	88
NC_003468.2	4199	88
NC_003468.2	4200	88
NC_003468.2	4201	86
NC_003468.2	4202	86
NC_003468.2	4203	86
NC_003468.2	4204	85
NC_003468.2	4205	85
NC_003468.2	4206	85
NC_003468.2	4207	85
NC_003468.2	4208	85
NC_003468.2	4209	85
NC_003468.2	4210	85
NC_003468.2	4211	85
NC_003468.2	4212	85
NC_003468.2	4213	83
NC_003468.2	4214	83
NC_003468.2	4215	83
NC_003468.2	4216	83
NC_003468.2	4217	83
NC_003468.2	4218	83
NC_003468.2	4219	83
NC_003468.2	4220	83
NC_003468.2	4221	83
NC_003468.2	4222	80
NC_003468.2	4223	80
NC_003468.2	4224	78
NC_003468.2	4225	71
NC_003468.2	4226	71
NC_003468.2	4227	71
NC_003468.2	4228	71
NC_003468.2	4229	62
NC_003468.2	4230	62
NC_003468.2	4231	62
NC_003468.2	4232	62
NC_003468.2	4233	62
NC_003468.2	4234	60
NC_003468.2	4235	60
NC_003468.2	4236	58
NC_003468.2	4237	58
NC_003468.2	4238	58
NC_003468.2	4239	58
NC_003468.2	4240	58
NC_003468.2	4241	58
NC_003468.2	4242	58
NC_003468.2	4243	60
NC_003468.2	4244	60
NC_003468.2	4245	59
NC_003468.2	4246	59
NC_003468.2	4247	59
NC_003468.2	4248	55
NC_003468.2	4249	53
NC_003468.2	4250	53
NC_003468.2	4251	51
NC_003468.2	4252	51
NC_003468.2	4253	51
NC_003468.2	4254	51
NC_003468.2	4255	51
NC_003468.2	4256	51
NC_003468.2	4257	51
NC_003468.2	4258	51
NC_003468.2	4259	51
NC_003468.2	4260	51
NC_003468.2	4261	50
NC_003468.2	4262	50
NC_003468.2	4263	50
NC_003468.2	4264	47
NC_003468.2	4265	41
NC_003468.2	4266	41
NC_003468.2	4267	41
NC_003468.2	4268	41
NC_003468.2	4269	41
NC_003468.2	4270	41
NC_003468.2	4271	41
NC_003468.2	4272	41
NC_003468.2	4273	41
NC_003468.2	4274	41
NC_003468.2	4275	41
NC_003468.2	4276	41
NC_003468.2	4277	41
NC_003468.2	4278	41
NC_003468.2	4279	41
NC_003468.2	4280	41
NC_003468.2	4281	41
NC_003468.2	4282	41
NC_003468.2	4283	35
NC_003468.2	4284	35
NC_003468.2	4285	27
NC_003468.2	4286	27
NC_003468.2	4287	27
NC_003468.2	4288	27
NC_003468.2	4289	27
NC_003468.2	4290	27
NC_003468.2	4291	27
NC_003468.2	4292	27
NC_003468.2	4293	27
NC_003468.2	4294	27
NC_003468.2	4295	27
NC_003468.2	4296	27
NC_003468.2	4297	27
NC_003468.2	4298	27
NC_003468.2	4299	27
NC_003468.2	4300	27
NC_003468.2	4301	27
NC_003468.2	4302	27
NC_003468.2	4303	25
NC_003468.2	4304	25
NC_003468.2	4305	25
NC_003468.2	4306	23
NC_003468.2	4307	23
NC_003468.2	4308	23
NC_003468.2	4309	23
NC_003468.2	4310	23
NC_003468.2	4311	23
NC_003468.2	4312	23
NC_003468.2	4313	23
NC_003468.2	4314	23
NC_003468.2	4315	23
NC_003468.2	4316	23
NC_003468.2	4317	23
NC_003468.2	4318	23
NC_003468.2	4319	23
NC_003468.2	4320	23
NC_003468.2	4321	17
NC_003468.2	4322	17
NC_003468.2	4323	15
NC_003468.2	4324	15
NC_003468.2	4325	15
NC_003468.2	4326	15
NC_003468.2	4327	15
NC_003468.2	4328	15
NC_003468.2	4329	15
NC_003468.2	4330	15
NC_003468.2	4331	15
NC_003468.2	4332	15
NC_003468.2	4333	15
NC_003468.2	4334	15
NC_003468.2	4335	15
NC_003468.2	4336	15
NC_003468.2	4337	15
NC_003468.2	4338	15
NC_003468.2	4339	15
NC_003468.2	4340	15
NC_003468.2	4341	15
NC_003468.2	4342	15
NC_003468.2	4343	15
NC_003468.2	4344	7
NC_003468.2	4345	7
NC_003468.2	4346	7
NC_003468.2	4347	7
NC_003468.2	4348	7
NC_003468.2	4349	7
NC_003468.2	4350	6
NC_003468.2	4351	4
NC_003468.2	4352	4
NC_003468.2	4353	4
NC_003468.2	4354	4
NC_003468.2	4355	4
NC_003468.2	4356	0
NC_003468.2	4357	0
NC_003468.2	4358	0
NC_003468.2	4359	0
NC_003468.2	4360	0
NC_003468.2	4361	0
NC_003468.2	4362	0
NC_003468.2	4363	0
NC_003468.2	4364	0
NC_003468.2	4365	0
NC_003468.2	4366	0
NC_003468.2	4367	0
NC_003468.2	4368	0
NC_003468.2	4369	0
NC_003468.2	4370	0
NC_003468.2	4371	0
NC_003468.2	4372	0
NC_003468.2	4373	0
NC_003468.2	4374	0
NC_003468.2	4375	0
NC_003468.2	4376	0
NC_003468.2	4377	0
NC_003468.2	4378	0
NC_003468.2	4379	0
NC_003468.2	4380	0
NC_003468.2	4381	0
NC_003468.2	4382	0
NC_003468.2	4383	0
NC_003468.2	4384	0
NC_003468.2	4385	0
NC_003468.2	4386	0
NC_003468.2	4387	0
NC_003468.2	4388	0
NC_003468.2	4389	0
NC_003468.2	4390	0
NC_003468.2	4391	0
NC_003468.2	4392	0
NC_003468.2	4393	0
NC_003468.2	4394	0
NC_003468.2	4395	0
NC_003468.2	4396	0
NC_003468.2	4397	0
NC_003468.2	4398	0
NC_003468.2	4399	0
NC_003468.2	4400	0
NC_003468.2	4401	0
NC_003468.2	4402	0
NC_003468.2	4403	0
NC_003468.2	4404	0
NC_003468.2	4405	1
NC_003468.2	4406	1
NC_003468.2	4407	1
NC_003468.2	4408	1
NC_003468.2	4409	1
NC_003468.2	4410	1
NC_003468.2	4411	1
NC_003468.2	4412	1
NC_003468.2	4413	1
NC_003468.2	4414	4
NC_003468.2	4415	4
NC_003468.2	4416	4
NC_003468.2	4417	4
NC_003468.2	4418	4
NC_003468.2	4419	4
NC_003468.2	4420	4
NC_003468.2	4421	4
NC_003468.2	4422	4
NC_003468.2	4423	4
NC_003468.2	4424	4
NC_003468.2	4425	5
NC_003468.2	4426	5
NC_003468.2	4427	5
NC_003468.2	4428	5
NC_003468.2	4429	5
NC_003468.2	4430	5
NC_003468.2	4431	7
NC_003468.2	4432	7
NC_003468.2	4433	7
NC_003468.2	4434	7
NC_003468.2	4435	7
NC_003468.2	4436	7
NC_003468.2	4437	7
NC_003468.2	4438	7
NC_003468.2	4439	7
NC_003468.2	4440	7
NC_003468.2	4441	7
NC_003468.2	4442	7
NC_003468.2	4443	7
NC_003468.2	4444	7
NC_003468.2	4445	7
NC_003468.2	4446	9
NC_003468.2	4447	9
NC_003468.2	4448	11
NC_003468.2	4449	11
NC_003468.2	4450	11
NC_003468.2	4451	11
NC_003468.2	4452	11
NC_003468.2	4453	11
NC_003468.2	4454	12
NC_003468.2	4455	13
NC_003468.2	4456	13
NC_003468.2	4457	13
NC_003468.2	4458	13
NC_003468.2	4459	13
NC_003468.2	4460	13
NC_003468.2	4461	13
NC_003468.2	4462	13
NC_003468.2	4463	13
NC_003468.2	4464	13
NC_003468.2	4465	13
NC_003468.2	4466	13
NC_003468.2	4467	13
NC_003468.2	4468	13
NC_003468.2	4469	13
NC_003468.2	4470	13
NC_003468.2	4471	13
NC_003468.2	4472	13
NC_003468.2	4473	13
NC_003468.2	4474	13
NC_003468.2	4475	13
NC_003468.2	4476	13
NC_003468.2	4477	13
NC_003468.2	4478	13
NC_003468.2	4479	15
NC_003468.2	4480	16
NC_003468.2	4481	16
NC_003468.2	4482	16
NC_003468.2	4483	16
NC_003468.2	4484	16
NC_003468.2	4485	16
NC_003468.2	4486	16
NC_003468.2	4487	16
NC_003468.2	4488	16
NC_003468.2	4489	16
NC_003468.2	4490	16
NC_003468.2	4491	16
NC_003468.2	4492	16
NC_003468.2	4493	16
NC_003468.2	4494	16
NC_003468.2	4495	16
NC_003468.2	4496	16
NC_003468.2	4497	16
NC_003468.2	4498	16
NC_003468.2	4499	16
NC_003468.2	4500	16
NC_003468.2	4501	16
NC_003468.2	4502	20
NC_003468.2	4503	20
NC_003468.2	4504	23
NC_003468.2	4505	23
NC_003468.2	4506	23
NC_003468.2	4507	23
NC_003468.2	4508	23
NC_003468.2	4509	23
NC_003468.2	4510	23
NC_003468.2	4511	23
NC_003468.2	4512	24
NC_003468.2	4513	24
NC_003468.2	4514	24
NC_003468.2	4515	24
NC_003468.2	4516	24
NC_003468.2	4517	24
NC_003468.2	4518	24
NC_003468.2	4519	24
NC_003468.2	4520	24
NC_003468.2	4521	24
NC_003468.2	4522	24
NC_003468.2	4523	24
NC_003468.2	4524	24
NC_003468.2	4525	24
NC_003468.2	4526	24
NC_003468.2	4527	24
NC_003468.2	4528	24
NC_003468.2	4529	24
NC_003468.2	4530	24
NC_003468.2	4531	24
NC_003468.2	4532	24
NC_003468.2	4533	24
NC_003468.2	4534	24
NC_003468.2	4535	24
NC_003468.2	4536	24
NC_003468.2	4537	24
NC_003468.2	4538	24
NC_003468.2	4539	24
NC_003468.2	4540	24
NC_003468.2	4541	24
NC_003468.2	4542	24
NC_003468.2	4543	24
NC_003468.2	4544	24
NC_003468.2	4545	24
NC_003468.2	4546	24
NC_003468.2	4547	24
NC_003468.2	4548	24
NC_003468.2	4549	24
NC_003468.2	4550	24
NC_003468.2	4551	24
NC_003468.2	4552	24
NC_003468.2	4553	24
NC_003468.2	4554	24
NC_003468.2	4555	24
NC_003468.2	4556	24
NC_003468.2	4557	24
NC_003468.2	4558	24
NC_003468.2	4559	24
NC_003468.2	4560	26
NC_003468.2	4561	26
NC_003468.2	4562	26
NC_003468.2	4563	26
NC_003468.2	4564	26
NC_003468.2	4565	26
NC_003468.2	4566	26
NC_003468.2	4567	29
NC_003468.2	4568	29
NC_003468.2	4569	29
NC_003468.2	4570	29
NC_003468.2	4571	31
NC_003468.2	4572	31
NC_003468.2	4573	32
NC_003468.2	4574	38
NC_003468.2	4575	42
NC_003468.2	4576	42
NC_003468.2	4577	42
NC_003468.2	4578	43
NC_003468.2	4579	47
NC_003468.2	4580	47
NC_003468.2	4581	52
NC_003468.2	4582	54
NC_003468.2	4583	52
NC_003468.2	4584	60
NC_003468.2	4585	61
NC_003468.2	4586	61
NC_003468.2	4587	61
NC_003468.2	4588	62
NC_003468.2	4589	64
NC_003468.2	4590	64
NC_003468.2	4591	64
NC_003468.2	4592	64
NC_003468.2	4593	64
NC_003468.2	4594	66
NC_003468.2	4595	66
NC_003468.2	4596	66
NC_003468.2	4597	66
NC_003468.2	4598	66
NC_003468.2	4599	71
NC_003468.2	4600	73
NC_003468.2	4601	73
NC_003468.2	4602	73
NC_003468.2	4603	74
NC_003468.2	4604	74
NC_003468.2	4605	74
NC_003468.2	4606	84
NC_003468.2	4607	84
NC_003468.2	4608	82
NC_003468.2	4609	82
NC_003468.2	4610	84
NC_003468.2	4611	84
NC_003468.2	4612	84
NC_003468.2	4613	85
NC_003468.2	4614	85
NC_003468.2	4615	85
NC_003468.2	4616	86
NC_003468.2	4617	86
NC_003468.2	4618	88
NC_003468.2	4619	88
NC_003468.2	4620	88
NC_003468.2	4621	88
NC_003468.2	4622	88
NC_003468.2	4623	88
NC_003468.2	4624	88
NC_003468.2	4625	88
NC_003468.2	4626	88
NC_003468.2	4627	88
NC_003468.2	4628	88
NC_003468.2	4629	88
NC_003468.2	4630	88
NC_003468.2	4631	88
NC_003468.2	4632	88
NC_003468.2	4633	88
NC_003468.2	4634	88
NC_003468.2	4635	89
NC_003468.2	4636	90
NC_003468.2	4637	90
NC_003468.2	4638	96
NC_003468.2	4639	97
NC_003468.2	4640	104
NC_003468.2	4641	104
NC_003468.2	4642	104
NC_003468.2	4643	104
NC_003468.2	4644	104
NC_003468.2	4645	104
NC_003468.2	4646	109
NC_003468.2	4647	109
NC_003468.2	4648	110
NC_003468.2	4649	110
NC_003468.2	4650	110
NC_003468.2	4651	110
NC_003468.2	4652	110
NC_003468.2	4653	110
NC_003468.2	4654	110
NC_003468.2	4655	108
NC_003468.2	4656	108
NC_003468.2	4657	108
NC_003468.2	4658	108
NC_003468.2	4659	108
NC_003468.2	4660	110
NC_003468.2	4661	110
NC_003468.2	4662	112
NC_003468.2	4663	112
NC_003468.2	4664	112
NC_003468.2	4665	112
NC_003468.2	4666	113
NC_003468.2	4667	113
NC_003468.2	4668	113
NC_003468.2	4669	113
NC_003468.2	4670	113
NC_003468.2	4671	120
NC_003468.2	4672	120
NC_003468.2	4673	120
NC_003468.2	4674	120
NC_003468.2	4675	120
NC_003468.2	4676	120
NC_003468.2	4677	120
NC_003468.2	4678	120
NC_003468.2	4679	120
NC_003468.2	4680	118
NC_003468.2	4681	118
NC_003468.2	4682	118
NC_003468.2	4683	122
NC_003468.2	4684	122
NC_003468.2	4685	122
NC_003468.2	4686	122
NC_003468.2	4687	122
NC_003468.2	4688	120
NC_003468.2	4689	120
NC_003468.2	4690	120
NC_003468.2	4691	120
NC_003468.2	4692	120
NC_003468.2	4693	122
NC_003468.2	4694	122
NC_003468.2	4695	122
NC_003468.2	4696	121
NC_003468.2	4697	121
NC_003468.2	4698	121
NC_003468.2	4699	121
NC_003468.2	4700	121
NC_003468.2	4701	121
NC_003468.2	4702	121
NC_003468.2	4703	120
NC_003468.2	4704	120
NC_003468.2	4705	120
NC_003468.2	4706	120
NC_003468.2	4707	120
NC_003468.2	4708	120
NC_003468.2	4709	120
NC_003468.2	4710	120
NC_003468.2	4711	124
NC_003468.2	4712	124
NC_003468.2	4713	124
NC_003468.2	4714	124
NC_003468.2	4715	123
NC_003468.2	4716	123
NC_003468.2	4717	123
NC_003468.2	4718	121
NC_003468.2	4719	121
NC_003468.2	4720	119
NC_003468.2	4721	119
NC_003468.2	4722	122
NC_003468.2	4723	122
NC_003468.2	4724	123
NC_003468.2	4725	121
NC_003468.2	4726	121
NC_003468.2	4727	138
NC_003468.2	4728	138
NC_003468.2	4729	138
NC_003468.2	4730	138
NC_003468.2	4731	122
NC_003468.2	4732	122
NC_003468.2	4733	121
NC_003468.2	4734	121
NC_003468.2	4735	121
NC_003468.2	4736	119
NC_003468.2	4737	119
NC_003468.2	4738	119
NC_003468.2	4739	119
NC_003468.2	4740	119
NC_003468.2	4741	119
NC_003468.2	4742	117
NC_003468.2	4743	117
NC_003468.2	4744	117
NC_003468.2	4745	117
NC_003468.2	4746	115
NC_003468.2	4747	116
NC_003468.2	4748	116
NC_003468.2	4749	119
NC_003468.2	4750	122
NC_003468.2	4751	122
NC_003468.2	4752	122
NC_003468.2	4753	122
NC_003468.2	4754	122
NC_003468.2	4755	124
NC_003468.2	4756	124
NC_003468.2	4757	122
NC_003468.2	4758	122
NC_003468.2	4759	118
NC_003468.2	4760	117
NC_003468.2	4761	117
NC_003468.2	4762	117
NC_003468.2	4763	117
NC_003468.2	4764	117
NC_003468.2	4765	117
NC_003468.2	4766	117
NC_003468.2	4767	112
NC_003468.2	4768	112
NC_003468.2	4769	112
NC_003468.2	4770	116
NC_003468.2	4771	116
NC_003468.2	4772	116
NC_003468.2	4773	116
NC_003468.2	4774	116
NC_003468.2	4775	116
NC_003468.2	4776	116
NC_003468.2	4777	116
NC_003468.2	4778	116
NC_003468.2	4779	116
NC_003468.2	4780	116
NC_003468.2	4781	117
NC_003468.2	4782	117
NC_003468.2	4783	117
NC_003468.2	4784	117
NC_003468.2	4785	117
NC_003468.2	4786	117
NC_003468.2	4787	122
NC_003468.2	4788	122
NC_003468.2	4789	122
NC_003468.2	4790	122
NC_003468.2	4791	123
NC_003468.2	4792	127
NC_003468.2	4793	127
NC_003468.2	4794	127
NC_003468.2	4795	128
NC_003468.2	4796	128
NC_003468.2	4797	128
NC_003468.2	4798	128
NC_003468.2	4799	132
NC_003468.2	4800	132
NC_003468.2	4801	132
NC_003468.2	4802	132
NC_003468.2	4803	132
NC_003468.2	4804	132
NC_003468.2	4805	134
NC_003468.2	4806	134
NC_003468.2	4807	132
NC_003468.2	4808	132
NC_003468.2	4809	132
NC_003468.2	4810	138
NC_003468.2	4811	138
NC_003468.2	4812	138
NC_003468.2	4813	138
NC_003468.2	4814	132
NC_003468.2	4815	136
NC_003468.2	4816	136
NC_003468.2	4817	136
NC_003468.2	4818	136
NC_003468.2	4819	132
NC_003468.2	4820	132
NC_003468.2	4821	132
NC_003468.2	4822	132
NC_003468.2	4823	132
NC_003468.2	4824	132
NC_003468.2	4825	132
NC_003468.2	4826	132
NC_003468.2	4827	132
NC_003468.2	4828	132
NC_003468.2	4829	132
NC_003468.2	4830	132
NC_003468.2	4831	133
NC_003468.2	4832	127
NC_003468.2	4833	130
NC_003468.2	4834	130
NC_003468.2	4835	130
NC_003468.2	4836	131
NC_003468.2	4837	133
NC_003468.2	4838	133
NC_003468.2	4839	133
NC_003468.2	4840	131
NC_003468.2	4841	131
NC_003468.2	4842	133
NC_003468.2	4843	133
NC_003468.2	4844	133
NC_003468.2	4845	133
NC_003468.2	4846	133
NC_003468.2	4847	133
NC_003468.2	4848	134
NC_003468.2	4849	134
NC_003468.2	4850	134
NC_003468.2	4851	134
NC_003468.2	4852	130
NC_003468.2	4853	134
NC_003468.2	4854	134
NC_003468.2	4855	134
NC_003468.2	4856	134
NC_003468.2	4857	134
NC_003468.2	4858	134
NC_003468.2	4859	136
NC_003468.2	4860	136
NC_003468.2	4861	136
NC_003468.2	4862	138
NC_003468.2	4863	138
NC_003468.2	4864	138
NC_003468.2	4865	140
NC_003468.2	4866	138
NC_003468.2	4867	137
NC_003468.2	4868	133
NC_003468.2	4869	133
NC_003468.2	4870	133
NC_003468.2	4871	147
NC_003468.2	4872	152
NC_003468.2	4873	155
NC_003468.2	4874	155
NC_003468.2	4875	153
NC_003468.2	4876	151
NC_003468.2	4877	151
NC_003468.2	4878	150
NC_003468.2	4879	148
NC_003468.2	4880	148
NC_003468.2	4881	114
NC_003468.2	4882	118
NC_003468.2	4883	118
NC_003468.2	4884	118
NC_003468.2	4885	118
NC_003468.2	4886	118
NC_003468.2	4887	118
NC_003468.2	4888	118
NC_003468.2	4889	117
NC_003468.2	4890	117
NC_003468.2	4891	111
NC_003468.2	4892	113
NC_003468.2	4893	111
NC_003468.2	4894	113
NC_003468.2	4895	113
NC_003468.2	4896	113
NC_003468.2	4897	113
NC_003468.2	4898	113
NC_003468.2	4899	113
NC_003468.2	4900	115
NC_003468.2	4901	113
NC_003468.2	4902	113
NC_003468.2	4903	113
NC_003468.2	4904	113
NC_003468.2	4905	113
NC_003468.2	4906	113
NC_003468.2	4907	113
NC_003468.2	4908	113
NC_003468.2	4909	113
NC_003468.2	4910	112
NC_003468.2	4911	110
NC_003468.2	4912	114
NC_003468.2	4913	114
NC_003468.2	4914	114
NC_003468.2	4915	114
NC_003468.2	4916	114
NC_003468.2	4917	120
NC_003468.2	4918	120
NC_003468.2	4919	120
NC_003468.2	4920	120
NC_003468.2	4921	116
NC_003468.2	4922	116
NC_003468.2	4923	116
NC_003468.2	4924	116
NC_003468.2	4925	115
NC_003468.2	4926	115
NC_003468.2	4927	115
NC_003468.2	4928	115
NC_003468.2	4929	115
NC_003468.2	4930	115
NC_003468.2	4931	117
NC_003468.2	4932	117
NC_003468.2	4933	117
NC_003468.2	4934	117
NC_003468.2	4935	117
NC_003468.2	4936	117
NC_003468.2	4937	117
NC_003468.2	4938	117
NC_003468.2	4939	117
NC_003468.2	4940	109
NC_003468.2	4941	113
NC_003468.2	4942	111
NC_003468.2	4943	111
NC_003468.2	4944	111
NC_003468.2	4945	111
NC_003468.2	4946	111
NC_003468.2	4947	107
NC_003468.2	4948	107
NC_003468.2	4949	108
NC_003468.2	4950	110
NC_003468.2	4951	110
NC_003468.2	4952	117
NC_003468.2	4953	117
NC_003468.2	4954	117
NC_003468.2	4955	118
NC_003468.2	4956	118
NC_003468.2	4957	118
NC_003468.2	4958	118
NC_003468.2	4959	118
NC_003468.2	4960	118
NC_003468.2	4961	106
NC_003468.2	4962	106
NC_003468.2	4963	106
NC_003468.2	4964	106
NC_003468.2	4965	106
NC_003468.2	4966	106
NC_003468.2	4967	106
NC_003468.2	4968	106
NC_003468.2	4969	106
NC_003468.2	4970	105
NC_003468.2	4971	105
NC_003468.2	4972	101
NC_003468.2	4973	101
NC_003468.2	4974	98
NC_003468.2	4975	98
NC_003468.2	4976	97
NC_003468.2	4977	97
NC_003468.2	4978	97
NC_003468.2	4979	97
NC_003468.2	4980	97
NC_003468.2	4981	97
NC_003468.2	4982	97
NC_003468.2	4983	97
NC_003468.2	4984	97
NC_003468.2	4985	97
NC_003468.2	4986	97
NC_003468.2	4987	97
NC_003468.2	4988	96
NC_003468.2	4989	96
NC_003468.2	4990	96
NC_003468.2	4991	95
NC_003468.2	4992	95
NC_003468.2	4993	95
NC_003468.2	4994	89
NC_003468.2	4995	89
NC_003468.2	4996	89
NC_003468.2	4997	89
NC_003468.2	4998	89
NC_003468.2	4999	89
NC_003468.2	5000	89
NC_003468.2	5001	89
NC_003468.2	5002	89
NC_003468.2	5003	89
NC_003468.2	5004	89
NC_003468.2	5005	89
NC_003468.2	5006	89
NC_003468.2	5007	89
NC_003468.2	5008	89
NC_003468.2	5009	89
NC_003468.2	5010	89
NC_003468.2	5011	89
NC_003468.2	5012	89
NC_003468.2	5013	89
NC_003468.2	5014	89
NC_003468.2	5015	89
NC_003468.2	5016	89
NC_003468.2	5017	89
NC_003468.2	5018	87
NC_003468.2	5019	87
NC_003468.2	5020	87
NC_003468.2	5021	87
NC_003468.2	5022	87
NC_003468.2	5023	83
NC_003468.2	5024	83
NC_003468.2	5025	83
NC_003468.2	5026	87
NC_003468.2	5027	87
NC_003468.2	5028	87
NC_003468.2	5029	87
NC_003468.2	5030	85
NC_003468.2	5031	87
NC_003468.2	5032	87
NC_003468.2	5033	87
NC_003468.2	5034	87
NC_003468.2	5035	81
NC_003468.2	5036	81
NC_003468.2	5037	81
NC_003468.2	5038	81
NC_003468.2	5039	80
NC_003468.2	5040	80
NC_003468.2	5041	80
NC_003468.2	5042	80
NC_003468.2	5043	80
NC_003468.2	5044	79
NC_003468.2	5045	77
NC_003468.2	5046	77
NC_003468.2	5047	77
NC_003468.2	5048	73
NC_003468.2	5049	73
NC_003468.2	5050	73
NC_003468.2	5051	69
NC_003468.2	5052	69
NC_003468.2	5053	69
NC_003468.2	5054	69
NC_003468.2	5055	69
NC_003468.2	5056	69
NC_003468.2	5057	71
NC_003468.2	5058	71
NC_003468.2	5059	71
NC_003468.2	5060	71
NC_003468.2	5061	74
NC_003468.2	5062	74
NC_003468.2	5063	74
NC_003468.2	5064	74
NC_003468.2	5065	74
NC_003468.2	5066	72
NC_003468.2	5067	72
NC_003468.2	5068	72
NC_003468.2	5069	66
NC_003468.2	5070	66
NC_003468.2	5071	60
NC_003468.2	5072	60
NC_003468.2	5073	60
NC_003468.2	5074	60
NC_003468.2	5075	62
NC_003468.2	5076	62
NC_003468.2	5077	62
NC_003468.2	5078	64
NC_003468.2	5079	62
NC_003468.2	5080	72
NC_003468.2	5081	70
NC_003468.2	5082	66
NC_003468.2	5083	66
NC_003468.2	5084	64
NC_003468.2	5085	64
NC_003468.2	5086	64
NC_003468.2	5087	64
NC_003468.2	5088	64
NC_003468.2	5089	62
NC_003468.2	5090	61
NC_003468.2	5091	70
NC_003468.2	5092	70
NC_003468.2	5093	72
NC_003468.2	5094	68
NC_003468.2	5095	71
NC_003468.2	5096	70
NC_003468.2	5097	70
NC_003468.2	5098	70
NC_003468.2	5099	61
NC_003468.2	5100	55
NC_003468.2	5101	55
NC_003468.2	5102	53
NC_003468.2	5103	53
NC_003468.2	5104	51
NC_003468.2	5105	51
NC_003468.2	5106	51
NC_003468.2	5107	51
NC_003468.2	5108	51
NC_003468.2	5109	52
NC_003468.2	5110	54
NC_003468.2	5111	54
NC_003468.2	5112	53
NC_003468.2	5113	53
NC_003468.2	5114	53
NC_003468.2	5115	53
NC_003468.2	5116	53
NC_003468.2	5117	51
NC_003468.2	5118	47
NC_003468.2	5119	47
NC_003468.2	5120	45
NC_003468.2	5121	45
NC_003468.2	5122	45
NC_003468.2	5123	45
NC_003468.2	5124	45
NC_003468.2	5125	45
NC_003468.2	5126	45
NC_003468.2	5127	45
NC_003468.2	5128	45
NC_003468.2	5129	45
NC_003468.2	5130	45
NC_003468.2	5131	44
NC_003468.2	5132	44
NC_003468.2	5133	44
NC_003468.2	5134	42
NC_003468.2	5135	42
NC_003468.2	5136	42
NC_003468.2	5137	42
NC_003468.2	5138	42
NC_003468.2	5139	42
NC_003468.2	5140	42
NC_003468.2	5141	42
NC_003468.2	5142	42
NC_003468.2	5143	42
NC_003468.2	5144	42
NC_003468.2	5145	42
NC_003468.2	5146	42
NC_003468.2	5147	42
NC_003468.2	5148	44
NC_003468.2	5149	43
NC_003468.2	5150	43
NC_003468.2	5151	43
NC_003468.2	5152	43
NC_003468.2	5153	43
NC_003468.2	5154	43
NC_003468.2	5155	43
NC_003468.2	5156	45
NC_003468.2	5157	45
NC_003468.2	5158	46
NC_003468.2	5159	46
NC_003468.2	5160	46
NC_003468.2	5161	46
NC_003468.2	5162	46
NC_003468.2	5163	46
NC_003468.2	5164	46
NC_003468.2	5165	48
NC_003468.2	5166	48
NC_003468.2	5167	48
NC_003468.2	5168	48
NC_003468.2	5169	49
NC_003468.2	5170	49
NC_003468.2	5171	51
NC_003468.2	5172	51
NC_003468.2	5173	51
NC_003468.2	5174	51
NC_003468.2	5175	54
NC_003468.2	5176	54
NC_003468.2	5177	54
NC_003468.2	5178	50
NC_003468.2	5179	50
NC_003468.2	5180	48
NC_003468.2	5181	48
NC_003468.2	5182	48
NC_003468.2	5183	48
NC_003468.2	5184	48
NC_003468.2	5185	48
NC_003468.2	5186	48
NC_003468.2	5187	48
NC_003468.2	5188	59
NC_003468.2	5189	59
NC_003468.2	5190	59
NC_003468.2	5191	60
NC_003468.2	5192	60
NC_003468.2	5193	60
NC_003468.2	5194	60
NC_003468.2	5195	60
NC_003468.2	5196	60
NC_003468.2	5197	60
NC_003468.2	5198	60
NC_003468.2	5199	60
NC_003468.2	5200	62
NC_003468.2	5201	62
NC_003468.2	5202	62
NC_003468.2	5203	62
NC_003468.2	5204	62
NC_003468.2	5205	64
NC_003468.2	5206	64
NC_003468.2	5207	64
NC_003468.2	5208	68
NC_003468.2	5209	68
NC_003468.2	5210	75
NC_003468.2	5211	75
NC_003468.2	5212	75
NC_003468.2	5213	75
NC_003468.2	5214	77
NC_003468.2	5215	78
NC_003468.2	5216	78
NC_003468.2	5217	78
NC_003468.2	5218	78
NC_003468.2	5219	77
NC_003468.2	5220	77
NC_003468.2	5221	77
NC_003468.2	5222	77
NC_003468.2	5223	77
NC_003468.2	5224	77
NC_003468.2	5225	76
NC_003468.2	5226	77
NC_003468.2	5227	79
NC_003468.2	5228	79
NC_003468.2	5229	79
NC_003468.2	5230	79
NC_003468.2	5231	79
NC_003468.2	5232	80
NC_003468.2	5233	82
NC_003468.2	5234	82
NC_003468.2	5235	82
NC_003468.2	5236	82
NC_003468.2	5237	82
NC_003468.2	5238	82
NC_003468.2	5239	82
NC_003468.2	5240	82
NC_003468.2	5241	82
NC_003468.2	5242	82
NC_003468.2	5243	82
NC_003468.2	5244	82
NC_003468.2	5245	82
NC_003468.2	5246	68
NC_003468.2	5247	68
NC_003468.2	5248	68
NC_003468.2	5249	68
NC_003468.2	5250	68
NC_003468.2	5251	70
NC_003468.2	5252	70
NC_003468.2	5253	76
NC_003468.2	5254	76
NC_003468.2	5255	76
NC_003468.2	5256	76
NC_003468.2	5257	76
NC_003468.2	5258	74
NC_003468.2	5259	76
NC_003468.2	5260	76
NC_003468.2	5261	76
NC_003468.2	5262	76
NC_003468.2	5263	76
NC_003468.2	5264	76
NC_003468.2	5265	76
NC_003468.2	5266	76
NC_003468.2	5267	76
NC_003468.2	5268	76
NC_003468.2	5269	76
NC_003468.2	5270	76
NC_003468.2	5271	76
NC_003468.2	5272	76
NC_003468.2	5273	76
NC_003468.2	5274	76
NC_003468.2	5275	76
NC_003468.2	5276	76
NC_003468.2	5277	76
NC_003468.2	5278	77
NC_003468.2	5279	75
NC_003468.2	5280	75
NC_003468.2	5281	75
NC_003468.2	5282	75
NC_003468.2	5283	77
NC_003468.2	5284	77
NC_003468.2	5285	77
NC_003468.2	5286	85
NC_003468.2	5287	85
NC_003468.2	5288	87
NC_003468.2	5289	88
NC_003468.2	5290	88
NC_003468.2	5291	88
NC_003468.2	5292	88
NC_003468.2	5293	88
NC_003468.2	5294	90
NC_003468.2	5295	85
NC_003468.2	5296	85
NC_003468.2	5297	85
NC_003468.2	5298	85
NC_003468.2	5299	85
NC_003468.2	5300	85
NC_003468.2	5301	85
NC_003468.2	5302	87
NC_003468.2	5303	89
NC_003468.2	5304	89
NC_003468.2	5305	93
NC_003468.2	5306	93
NC_003468.2	5307	93
NC_003468.2	5308	93
NC_003468.2	5309	92
NC_003468.2	5310	92
NC_003468.2	5311	92
NC_003468.2	5312	92
NC_003468.2	5313	92
NC_003468.2	5314	88
NC_003468.2	5315	88
NC_003468.2	5316	88
NC_003468.2	5317	88
NC_003468.2	5318	88
NC_003468.2	5319	91
NC_003468.2	5320	93
NC_003468.2	5321	93
NC_003468.2	5322	98
NC_003468.2	5323	98
NC_003468.2	5324	98
NC_003468.2	5325	98
NC_003468.2	5326	98
NC_003468.2	5327	98
NC_003468.2	5328	98
NC_003468.2	5329	98
NC_003468.2	5330	98
NC_003468.2	5331	96
NC_003468.2	5332	96
NC_003468.2	5333	96
NC_003468.2	5334	96
NC_003468.2	5335	98
NC_003468.2	5336	98
NC_003468.2	5337	99
NC_003468.2	5338	99
NC_003468.2	5339	99
NC_003468.2	5340	99
NC_003468.2	5341	99
NC_003468.2	5342	97
NC_003468.2	5343	97
NC_003468.2	5344	97
NC_003468.2	5345	97
NC_003468.2	5346	97
NC_003468.2	5347	95
NC_003468.2	5348	95
NC_003468.2	5349	95
NC_003468.2	5350	95
NC_003468.2	5351	95
NC_003468.2	5352	95
NC_003468.2	5353	91
NC_003468.2	5354	91
NC_003468.2	5355	93
NC_003468.2	5356	93
NC_003468.2	5357	91
NC_003468.2	5358	90
NC_003468.2	5359	90
NC_003468.2	5360	90
NC_003468.2	5361	90
NC_003468.2	5362	89
NC_003468.2	5363	89
NC_003468.2	5364	89
NC_003468.2	5365	89
NC_003468.2	5366	89
NC_003468.2	5367	89
NC_003468.2	5368	89
NC_003468.2	5369	89
NC_003468.2	5370	89
NC_003468.2	5371	89
NC_003468.2	5372	89
NC_003468.2	5373	89
NC_003468.2	5374	87
NC_003468.2	5375	87
NC_003468.2	5376	87
NC_003468.2	5377	91
NC_003468.2	5378	93
NC_003468.2	5379	93
NC_003468.2	5380	93
NC_003468.2	5381	93
NC_003468.2	5382	93
NC_003468.2	5383	93
NC_003468.2	5384	93
NC_003468.2	5385	93
NC_003468.2	5386	93
NC_003468.2	5387	93
NC_003468.2	5388	93
NC_003468.2	5389	93
NC_003468.2	5390	93
NC_003468.2	5391	92
NC_003468.2	5392	92
NC_003468.2	5393	92
NC_003468.2	5394	92
NC_003468.2	5395	92
NC_003468.2	5396	91
NC_003468.2	5397	91
NC_003468.2	5398	91
NC_003468.2	5399	91
NC_003468.2	5400	91
NC_003468.2	5401	91
NC_003468.2	5402	91
NC_003468.2	5403	93
NC_003468.2	5404	93
NC_003468.2	5405	93
NC_003468.2	5406	93
NC_003468.2	5407	91
NC_003468.2	5408	91
NC_003468.2	5409	91
NC_003468.2	5410	91
NC_003468.2	5411	91
NC_003468.2	5412	87
NC_003468.2	5413	87
NC_003468.2	5414	87
NC_003468.2	5415	87
NC_003468.2	5416	87
NC_003468.2	5417	87
NC_003468.2	5418	87
NC_003468.2	5419	86
NC_003468.2	5420	89
NC_003468.2	5421	89
NC_003468.2	5422	89
NC_003468.2	5423	87
NC_003468.2	5424	87
NC_003468.2	5425	87
NC_003468.2	5426	87
NC_003468.2	5427	87
NC_003468.2	5428	87
NC_003468.2	5429	73
NC_003468.2	5430	73
NC_003468.2	5431	73
NC_003468.2	5432	73
NC_003468.2	5433	73
NC_003468.2	5434	73
NC_003468.2	5435	73
NC_003468.2	5436	73
NC_003468.2	5437	73
NC_003468.2	5438	73
NC_003468.2	5439	73
NC_003468.2	5440	73
NC_003468.2	5441	73
NC_003468.2	5442	73
NC_003468.2	5443	73
NC_003468.2	5444	73
NC_003468.2	5445	73
NC_003468.2	5446	73
NC_003468.2	5447	76
NC_003468.2	5448	76
NC_003468.2	5449	76
NC_003468.2	5450	76
NC_003468.2	5451	76
NC_003468.2	5452	76
NC_003468.2	5453	76
NC_003468.2	5454	76
NC_003468.2	5455	76
NC_003468.2	5456	71
NC_003468.2	5457	69
NC_003468.2	5458	68
NC_003468.2	5459	68
NC_003468.2	5460	68
NC_003468.2	5461	62
NC_003468.2	5462	62
NC_003468.2	5463	63
NC_003468.2	5464	63
NC_003468.2	5465	63
NC_003468.2	5466	63
NC_003468.2	5467	67
NC_003468.2	5468	67
NC_003468.2	5469	69
NC_003468.2	5470	68
NC_003468.2	5471	68
NC_003468.2	5472	72
NC_003468.2	5473	75
NC_003468.2	5474	79
NC_003468.2	5475	79
NC_003468.2	5476	70
NC_003468.2	5477	69
NC_003468.2	5478	65
NC_003468.2	5479	65
NC_003468.2	5480	65
NC_003468.2	5481	65
NC_003468.2	5482	59
NC_003468.2	5483	59
NC_003468.2	5484	53
NC_003468.2	5485	53
NC_003468.2	5486	50
NC_003468.2	5487	50
NC_003468.2	5488	50
NC_003468.2	5489	52
NC_003468.2	5490	52
NC_003468.2	5491	52
NC_003468.2	5492	52
NC_003468.2	5493	52
NC_003468.2	5494	52
NC_003468.2	5495	52
NC_003468.2	5496	52
NC_003468.2	5497	52
NC_003468.2	5498	52
NC_003468.2	5499	52
NC_003468.2	5500	52
NC_003468.2	5501	52
NC_003468.2	5502	52
NC_003468.2	5503	48
NC_003468.2	5504	48
NC_003468.2	5505	46
NC_003468.2	5506	46
NC_003468.2	5507	46
NC_003468.2	5508	46
NC_003468.2	5509	46
NC_003468.2	5510	46
NC_003468.2	5511	45
NC_003468.2	5512	45
NC_003468.2	5513	45
NC_003468.2	5514	45
NC_003468.2	5515	44
NC_003468.2	5516	44
NC_003468.2	5517	44
NC_003468.2	5518	44
NC_003468.2	5519	44
NC_003468.2	5520	46
NC_003468.2	5521	48
NC_003468.2	5522	48
NC_003468.2	5523	48
NC_003468.2	5524	48
NC_003468.2	5525	48
NC_003468.2	5526	48
NC_003468.2	5527	48
NC_003468.2	5528	48
NC_003468.2	5529	48
NC_003468.2	5530	46
NC_003468.2	5531	46
NC_003468.2	5532	44
NC_003468.2	5533	43
NC_003468.2	5534	43
NC_003468.2	5535	43
NC_003468.2	5536	43
NC_003468.2	5537	43
NC_003468.2	5538	41
NC_003468.2	5539	43
NC_003468.2	5540	41
NC_003468.2	5541	41
NC_003468.2	5542	41
NC_003468.2	5543	41
NC_003468.2	5544	41
NC_003468.2	5545	41
NC_003468.2	5546	41
NC_003468.2	5547	41
NC_003468.2	5548	41
NC_003468.2	5549	41
NC_003468.2	5550	41
NC_003468.2	5551	41
NC_003468.2	5552	41
NC_003468.2	5553	41
NC_003468.2	5554	41
NC_003468.2	5555	41
NC_003468.2	5556	41
NC_003468.2	5557	41
NC_003468.2	5558	41
NC_003468.2	5559	41
NC_003468.2	5560	39
NC_003468.2	5561	39
NC_003468.2	5562	39
NC_003468.2	5563	39
NC_003468.2	5564	39
NC_003468.2	5565	39
NC_003468.2	5566	41
NC_003468.2	5567	41
NC_003468.2	5568	41
NC_003468.2	5569	41
NC_003468.2	5570	41
NC_003468.2	5571	41
NC_003468.2	5572	41
NC_003468.2	5573	41
NC_003468.2	5574	41
NC_003468.2	5575	39
NC_003468.2	5576	39
NC_003468.2	5577	39
NC_003468.2	5578	39
NC_003468.2	5579	39
NC_003468.2	5580	39
NC_003468.2	5581	39
NC_003468.2	5582	39
NC_003468.2	5583	39
NC_003468.2	5584	39
NC_003468.2	5585	39
NC_003468.2	5586	39
NC_003468.2	5587	39
NC_003468.2	5588	39
NC_003468.2	5589	36
NC_003468.2	5590	36
NC_003468.2	5591	36
NC_003468.2	5592	36
NC_003468.2	5593	36
NC_003468.2	5594	36
NC_003468.2	5595	36
NC_003468.2	5596	36
NC_003468.2	5597	36
NC_003468.2	5598	36
NC_003468.2	5599	36
NC_003468.2	5600	36
NC_003468.2	5601	36
NC_003468.2	5602	36
NC_003468.2	5603	36
NC_003468.2	5604	36
NC_003468.2	5605	36
NC_003468.2	5606	36
NC_003468.2	5607	36
NC_003468.2	5608	36
NC_003468.2	5609	36
NC_003468.2	5610	36
NC_003468.2	5611	36
NC_003468.2	5612	36
NC_003468.2	5613	38
NC_003468.2	5614	38
NC_003468.2	5615	39
NC_003468.2	5616	39
NC_003468.2	5617	39
NC_003468.2	5618	39
NC_003468.2	5619	39
NC_003468.2	5620	39
NC_003468.2	5621	39
NC_003468.2	5622	37
NC_003468.2	5623	37
NC_003468.2	5624	35
NC_003468.2	5625	35
NC_003468.2	5626	33
NC_003468.2	5627	33
NC_003468.2	5628	33
NC_003468.2	5629	33
NC_003468.2	5630	33
NC_003468.2	5631	33
NC_003468.2	5632	33
NC_003468.2	5633	33
NC_003468.2	5634	27
NC_003468.2	5635	27
NC_003468.2	5636	27
NC_003468.2	5637	27
NC_003468.2	5638	27
NC_003468.2	5639	27
NC_003468.2	5640	27
NC_003468.2	5641	27
NC_003468.2	5642	27
NC_003468.2	5643	27
NC_003468.2	5644	27
NC_003468.2	5645	27
NC_003468.2	5646	27
NC_003468.2	5647	27
NC_003468.2	5648	27
NC_003468.2	5649	27
NC_003468.2	5650	27
NC_003468.2	5651	27
NC_003468.2	5652	27
NC_003468.2	5653	27
NC_003468.2	5654	29
NC_003468.2	5655	29
NC_003468.2	5656	29
NC_003468.2	5657	27
NC_003468.2	5658	27
NC_003468.2	5659	27
NC_003468.2	5660	27
NC_003468.2	5661	27
NC_003468.2	5662	27
NC_003468.2	5663	27
NC_003468.2	5664	27
NC_003468.2	5665	27
NC_003468.2	5666	27
NC_003468.2	5667	27
NC_003468.2	5668	27
NC_003468.2	5669	27
NC_003468.2	5670	27
NC_003468.2	5671	23
NC_003468.2	5672	23
NC_003468.2	5673	23
NC_003468.2	5674	23
NC_003468.2	5675	23
NC_003468.2	5676	23
NC_003468.2	5677	23
NC_003468.2	5678	23
NC_003468.2	5679	23
NC_003468.2	5680	23
NC_003468.2	5681	23
NC_003468.2	5682	25
NC_003468.2	5683	25
NC_003468.2	5684	25
NC_003468.2	5685	25
NC_003468.2	5686	25
NC_003468.2	5687	25
NC_003468.2	5688	25
NC_003468.2	5689	25
NC_003468.2	5690	25
NC_003468.2	5691	25
NC_003468.2	5692	25
NC_003468.2	5693	25
NC_003468.2	5694	27
NC_003468.2	5695	27
NC_003468.2	5696	27
NC_003468.2	5697	27
NC_003468.2	5698	27
NC_003468.2	5699	27
NC_003468.2	5700	27
NC_003468.2	5701	27
NC_003468.2	5702	27
NC_003468.2	5703	21
NC_003468.2	5704	23
NC_003468.2	5705	23
NC_003468.2	5706	23
NC_003468.2	5707	25
NC_003468.2	5708	23
NC_003468.2	5709	23
NC_003468.2	5710	22
NC_003468.2	5711	22
NC_003468.2	5712	22
NC_003468.2	5713	20
NC_003468.2	5714	20
NC_003468.2	5715	20
NC_003468.2	5716	19
NC_003468.2	5717	18
NC_003468.2	5718	18
NC_003468.2	5719	18
NC_003468.2	5720	18
NC_003468.2	5721	18
NC_003468.2	5722	18
NC_003468.2	5723	18
NC_003468.2	5724	18
NC_003468.2	5725	18
NC_003468.2	5726	18
NC_003468.2	5727	18
NC_003468.2	5728	18
NC_003468.2	5729	19
NC_003468.2	5730	19
NC_003468.2	5731	19
NC_003468.2	5732	19
NC_003468.2	5733	17
NC_003468.2	5734	17
NC_003468.2	5735	17
NC_003468.2	5736	17
NC_003468.2	5737	17
NC_003468.2	5738	17
NC_003468.2	5739	17
NC_003468.2	5740	17
NC_003468.2	5741	17
NC_003468.2	5742	17
NC_003468.2	5743	17
NC_003468.2	5744	17
NC_003468.2	5745	17
NC_003468.2	5746	17
NC_003468.2	5747	17
NC_003468.2	5748	17
NC_003468.2	5749	17
NC_003468.2	5750	17
NC_003468.2	5751	17
NC_003468.2	5752	17
NC_003468.2	5753	17
NC_003468.2	5754	17
NC_003468.2	5755	17
NC_003468.2	5756	17
NC_003468.2	5757	17
NC_003468.2	5758	17
NC_003468.2	5759	16
NC_003468.2	5760	16
NC_003468.2	5761	16
NC_003468.2	5762	16
NC_003468.2	5763	16
NC_003468.2	5764	12
NC_003468.2	5765	12
NC_003468.2	5766	10
NC_003468.2	5767	10
NC_003468.2	5768	10
NC_003468.2	5769	12
NC_003468.2	5770	12
NC_003468.2	5771	12
NC_003468.2	5772	12
NC_003468.2	5773	12
NC_003468.2	5774	12
NC_003468.2	5775	12
NC_003468.2	5776	12
NC_003468.2	5777	12
NC_003468.2	5778	10
NC_003468.2	5779	10
NC_003468.2	5780	10
NC_003468.2	5781	10
NC_003468.2	5782	10
NC_003468.2	5783	10
NC_003468.2	5784	12
NC_003468.2	5785	12
NC_003468.2	5786	12
NC_003468.2	5787	12
NC_003468.2	5788	12
NC_003468.2	5789	12
NC_003468.2	5790	12
NC_003468.2	5791	12
NC_003468.2	5792	12
NC_003468.2	5793	12
NC_003468.2	5794	12
NC_003468.2	5795	12
NC_003468.2	5796	12
NC_003468.2	5797	12
NC_003468.2	5798	12
NC_003468.2	5799	12
NC_003468.2	5800	12
NC_003468.2	5801	12
NC_003468.2	5802	12
NC_003468.2	5803	12
NC_003468.2	5804	12
NC_003468.2	5805	13
NC_003468.2	5806	14
NC_003468.2	5807	14
NC_003468.2	5808	14
NC_003468.2	5809	14
NC_003468.2	5810	14
NC_003468.2	5811	14
NC_003468.2	5812	14
NC_003468.2	5813	14
NC_003468.2	5814	14
NC_003468.2	5815	14
NC_003468.2	5816	14
NC_003468.2	5817	14
NC_003468.2	5818	14
NC_003468.2	5819	14
NC_003468.2	5820	14
NC_003468.2	5821	14
NC_003468.2	5822	15
NC_003468.2	5823	15
NC_003468.2	5824	15
NC_003468.2	5825	15
NC_003468.2	5826	15
NC_003468.2	5827	15
NC_003468.2	5828	15
NC_003468.2	5829	15
NC_003468.2	5830	15
NC_003468.2	5831	15
NC_003468.2	5832	25
NC_003468.2	5833	25
NC_003468.2	5834	25
NC_003468.2	5835	25
NC_003468.2	5836	25
NC_003468.2	5837	25
NC_003468.2	5838	25
NC_003468.2	5839	27
NC_003468.2	5840	27
NC_003468.2	5841	29
NC_003468.2	5842	29
NC_003468.2	5843	29
NC_003468.2	5844	29
NC_003468.2	5845	29
NC_003468.2	5846	29
NC_003468.2	5847	29
NC_003468.2	5848	29
NC_003468.2	5849	29
NC_003468.2	5850	29
NC_003468.2	5851	30
NC_003468.2	5852	30
NC_003468.2	5853	30
NC_003468.2	5854	30
NC_003468.2	5855	30
NC_003468.2	5856	30
NC_003468.2	5857	30
NC_003468.2	5858	30
NC_003468.2	5859	32
NC_003468.2	5860	32
NC_003468.2	5861	32
NC_003468.2	5862	32
NC_003468.2	5863	32
NC_003468.2	5864	32
NC_003468.2	5865	32
NC_003468.2	5866	34
NC_003468.2	5867	34
NC_003468.2	5868	34
NC_003468.2	5869	34
NC_003468.2	5870	34
NC_003468.2	5871	34
NC_003468.2	5872	34
NC_003468.2	5873	34
NC_003468.2	5874	34
NC_003468.2	5875	40
NC_003468.2	5876	40
NC_003468.2	5877	40
NC_003468.2	5878	40
NC_003468.2	5879	40
NC_003468.2	5880	50
NC_003468.2	5881	54
NC_003468.2	5882	61
NC_003468.2	5883	63
NC_003468.2	5884	63
NC_003468.2	5885	63
NC_003468.2	5886	63
NC_003468.2	5887	71
NC_003468.2	5888	76
NC_003468.2	5889	85
NC_003468.2	5890	85
NC_003468.2	5891	87
NC_003468.2	5892	89
NC_003468.2	5893	89
NC_003468.2	5894	89
NC_003468.2	5895	109
NC_003468.2	5896	122
NC_003468.2	5897	166
NC_003468.2	5898	166
NC_003468.2	5899	188
NC_003468.2	5900	188
NC_003468.2	5901	189
NC_003468.2	5902	223
NC_003468.2	5903	227
NC_003468.2	5904	225
NC_003468.2	5905	232
NC_003468.2	5906	236
NC_003468.2	5907	246
NC_003468.2	5908	246
NC_003468.2	5909	248
NC_003468.2	5910	256
NC_003468.2	5911	260
NC_003468.2	5912	260
NC_003468.2	5913	267
NC_003468.2	5914	276
NC_003468.2	5915	276
NC_003468.2	5916	277
NC_003468.2	5917	277
NC_003468.2	5918	290
NC_003468.2	5919	293
NC_003468.2	5920	296
NC_003468.2	5921	294
NC_003468.2	5922	308
NC_003468.2	5923	310
NC_003468.2	5924	310
NC_003468.2	5925	309
NC_003468.2	5926	309
NC_003468.2	5927	309
NC_003468.2	5928	310
NC_003468.2	5929	310
NC_003468.2	5930	314
NC_003468.2	5931	315
NC_003468.2	5932	332
NC_003468.2	5933	336
NC_003468.2	5934	337
NC_003468.2	5935	337
NC_003468.2	5936	337
NC_003468.2	5937	344
NC_003468.2	5938	344
NC_003468.2	5939	344
NC_003468.2	5940	348
NC_003468.2	5941	348
NC_003468.2	5942	350
NC_003468.2	5943	350
NC_003468.2	5944	351
NC_003468.2	5945	353
NC_003468.2	5946	354
NC_003468.2	5947	360
NC_003468.2	5948	362
NC_003468.2	5949	363
NC_003468.2	5950	363
NC_003468.2	5951	364
NC_003468.2	5952	364
NC_003468.2	5953	364
NC_003468.2	5954	364
NC_003468.2	5955	364
NC_003468.2	5956	364
NC_003468.2	5957	364
NC_003468.2	5958	365
NC_003468.2	5959	368
NC_003468.2	5960	369
NC_003468.2	5961	375
NC_003468.2	5962	375
NC_003468.2	5963	373
NC_003468.2	5964	377
NC_003468.2	5965	375
NC_003468.2	5966	375
NC_003468.2	5967	383
NC_003468.2	5968	379
NC_003468.2	5969	381
NC_003468.2	5970	386
NC_003468.2	5971	386
NC_003468.2	5972	386
NC_003468.2	5973	386
NC_003468.2	5974	398
NC_003468.2	5975	399
NC_003468.2	5976	400
NC_003468.2	5977	400
NC_003468.2	5978	402
NC_003468.2	5979	412
NC_003468.2	5980	412
NC_003468.2	5981	423
NC_003468.2	5982	424
NC_003468.2	5983	425
NC_003468.2	5984	428
NC_003468.2	5985	429
NC_003468.2	5986	434
NC_003468.2	5987	436
NC_003468.2	5988	436
NC_003468.2	5989	449
NC_003468.2	5990	441
NC_003468.2	5991	437
NC_003468.2	5992	437
NC_003468.2	5993	433
NC_003468.2	5994	443
NC_003468.2	5995	447
NC_003468.2	5996	447
NC_003468.2	5997	446
NC_003468.2	5998	446
NC_003468.2	5999	456
NC_003468.2	6000	460
NC_003468.2	6001	461
NC_003468.2	6002	471
NC_003468.2	6003	468
NC_003468.2	6004	477
NC_003468.2	6005	478
NC_003468.2	6006	478
NC_003468.2	6007	480
NC_003468.2	6008	474
NC_003468.2	6009	474
NC_003468.2	6010	479
NC_003468.2	6011	479
NC_003468.2	6012	477
NC_003468.2	6013	477
NC_003468.2	6014	477
NC_003468.2	6015	478
NC_003468.2	6016	480
NC_003468.2	6017	481
NC_003468.2	6018	483
NC_003468.2	6019	481
NC_003468.2	6020	482
NC_003468.2	6021	482
NC_003468.2	6022	482
NC_003468.2	6023	483
NC_003468.2	6024	485
NC_003468.2	6025	494
NC_003468.2	6026	494
NC_003468.2	6027	495
NC_003468.2	6028	495
NC_003468.2	6029	495
NC_003468.2	6030	495
NC_003468.2	6031	493
NC_003468.2	6032	493
NC_003468.2	6033	495
NC_003468.2	6034	515
NC_003468.2	6035	525
NC_003468.2	6036	530
NC_003468.2	6037	538
NC_003468.2	6038	538
NC_003468.2	6039	540
NC_003468.2	6040	540
NC_003468.2	6041	540
NC_003468.2	6042	540
NC_003468.2	6043	518
NC_003468.2	6044	512
NC_003468.2	6045	508
NC_003468.2	6046	511
NC_003468.2	6047	510
NC_003468.2	6048	516
NC_003468.2	6049	516
NC_003468.2	6050	516
NC_003468.2	6051	522
NC_003468.2	6052	522
NC_003468.2	6053	520
NC_003468.2	6054	520
NC_003468.2	6055	520
NC_003468.2	6056	522
NC_003468.2	6057	522
NC_003468.2	6058	522
NC_003468.2	6059	522
NC_003468.2	6060	520
NC_003468.2	6061	527
NC_003468.2	6062	529
NC_003468.2	6063	527
NC_003468.2	6064	527
NC_003468.2	6065	527
NC_003468.2	6066	541
NC_003468.2	6067	541
NC_003468.2	6068	543
NC_003468.2	6069	540
NC_003468.2	6070	538
NC_003468.2	6071	538
NC_003468.2	6072	540
NC_003468.2	6073	535
NC_003468.2	6074	530
NC_003468.2	6075	518
NC_003468.2	6076	518
NC_003468.2	6077	512
NC_003468.2	6078	518
NC_003468.2	6079	508
NC_003468.2	6080	504
NC_003468.2	6081	503
NC_003468.2	6082	511
NC_003468.2	6083	512
NC_003468.2	6084	512
NC_003468.2	6085	512
NC_003468.2	6086	531
NC_003468.2	6087	531
NC_003468.2	6088	531
NC_003468.2	6089	532
NC_003468.2	6090	532
NC_003468.2	6091	530
NC_003468.2	6092	530
NC_003468.2	6093	533
NC_003468.2	6094	531
NC_003468.2	6095	529
NC_003468.2	6096	533
NC_003468.2	6097	531
NC_003468.2	6098	533
NC_003468.2	6099	533
NC_003468.2	6100	532
NC_003468.2	6101	546
NC_003468.2	6102	544
NC_003468.2	6103	544
NC_003468.2	6104	543
NC_003468.2	6105	550
NC_003468.2	6106	556
NC_003468.2	6107	549
NC_003468.2	6108	553
NC_003468.2	6109	553
NC_003468.2	6110	551
NC_003468.2	6111	551
NC_003468.2	6112	551
NC_003468.2	6113	553
NC_003468.2	6114	555
NC_003468.2	6115	554
NC_003468.2	6116	557
NC_003468.2	6117	557
NC_003468.2	6118	567
NC_003468.2	6119	569
NC_003468.2	6120	570
NC_003468.2	6121	568
NC_003468.2	6122	562
NC_003468.2	6123	561
NC_003468.2	6124	564
NC_003468.2	6125	563
NC_003468.2	6126	565
NC_003468.2	6127	564
NC_003468.2	6128	564
NC_003468.2	6129	566
NC_003468.2	6130	568
NC_003468.2	6131	568
NC_003468.2	6132	568
NC_003468.2	6133	589
NC_003468.2	6134	577
NC_003468.2	6135	589
NC_003468.2	6136	585
NC_003468.2	6137	587
NC_003468.2	6138	589
NC_003468.2	6139	586
NC_003468.2	6140	584
NC_003468.2	6141	584
NC_003468.2	6142	570
NC_003468.2	6143	570
NC_003468.2	6144	568
NC_003468.2	6145	572
NC_003468.2	6146	572
NC_003468.2	6147	572
NC_003468.2	6148	573
NC_003468.2	6149	571
NC_003468.2	6150	571
NC_003468.2	6151	571
NC_003468.2	6152	578
NC_003468.2	6153	580
NC_003468.2	6154	570
NC_003468.2	6155	584
NC_003468.2	6156	584
NC_003468.2	6157	584
NC_003468.2	6158	584
NC_003468.2	6159	584
NC_003468.2	6160	585
NC_003468.2	6161	585
NC_003468.2	6162	581
NC_003468.2	6163	581
NC_003468.2	6164	579
NC_003468.2	6165	577
NC_003468.2	6166	577
NC_003468.2	6167	579
NC_003468.2	6168	581
NC_003468.2	6169	582
NC_003468.2	6170	600
NC_003468.2	6171	609
NC_003468.2	6172	606
NC_003468.2	6173	606
NC_003468.2	6174	605
NC_003468.2	6175	606
NC_003468.2	6176	601
NC_003468.2	6177	603
NC_003468.2	6178	610
NC_003468.2	6179	597
NC_003468.2	6180	590
NC_003468.2	6181	589
NC_003468.2	6182	589
NC_003468.2	6183	602
NC_003468.2	6184	604
NC_003468.2	6185	604
NC_003468.2	6186	601
NC_003468.2	6187	598
NC_003468.2	6188	598
NC_003468.2	6189	595
NC_003468.2	6190	592
NC_003468.2	6191	594
NC_003468.2	6192	559
NC_003468.2	6193	569
NC_003468.2	6194	569
NC_003468.2	6195	601
NC_003468.2	6196	599
NC_003468.2	6197	597
NC_003468.2	6198	596
NC_003468.2	6199	596
NC_003468.2	6200	596
NC_003468.2	6201	582
NC_003468.2	6202	598
NC_003468.2	6203	589
NC_003468.2	6204	561
NC_003468.2	6205	552
NC_003468.2	6206	529
NC_003468.2	6207	529
NC_003468.2	6208	529
NC_003468.2	6209	523
NC_003468.2	6210	536
NC_003468.2	6211	542
NC_003468.2	6212	543
NC_003468.2	6213	543
NC_003468.2	6214	538
NC_003468.2	6215	537
NC_003468.2	6216	541
NC_003468.2	6217	548
NC_003468.2	6218	554
NC_003468.2	6219	550
NC_003468.2	6220	545
NC_003468.2	6221	545
NC_003468.2	6222	545
NC_003468.2	6223	544
NC_003468.2	6224	547
NC_003468.2	6225	542
NC_003468.2	6226	531
NC_003468.2	6227	529
NC_003468.2	6228	531
NC_003468.2	6229	535
NC_003468.2	6230	537
NC_003468.2	6231	537
NC_003468.2	6232	536
NC_003468.2	6233	531
NC_003468.2	6234	506
NC_003468.2	6235	506
NC_003468.2	6236	508
NC_003468.2	6237	502
NC_003468.2	6238	499
NC_003468.2	6239	496
NC_003468.2	6240	498
NC_003468.2	6241	498
NC_003468.2	6242	498
NC_003468.2	6243	503
NC_003468.2	6244	499
NC_003468.2	6245	495
NC_003468.2	6246	497
NC_003468.2	6247	497
NC_003468.2	6248	489
NC_003468.2	6249	485
NC_003468.2	6250	485
NC_003468.2	6251	489
NC_003468.2	6252	490
NC_003468.2	6253	490
NC_003468.2	6254	490
NC_003468.2	6255	486
NC_003468.2	6256	492
NC_003468.2	6257	492
NC_003468.2	6258	492
NC_003468.2	6259	492
NC_003468.2	6260	484
NC_003468.2	6261	484
NC_003468.2	6262	481
NC_003468.2	6263	479
NC_003468.2	6264	479
NC_003468.2	6265	473
NC_003468.2	6266	473
NC_003468.2	6267	474
NC_003468.2	6268	474
NC_003468.2	6269	474
NC_003468.2	6270	478
NC_003468.2	6271	475
NC_003468.2	6272	473
NC_003468.2	6273	468
NC_003468.2	6274	460
NC_003468.2	6275	472
NC_003468.2	6276	465
NC_003468.2	6277	459
NC_003468.2	6278	459
NC_003468.2	6279	459
NC_003468.2	6280	463
NC_003468.2	6281	458
NC_003468.2	6282	447
NC_003468.2	6283	440
NC_003468.2	6284	430
NC_003468.2	6285	432
NC_003468.2	6286	432
NC_003468.2	6287	431
NC_003468.2	6288	431
NC_003468.2	6289	428
NC_003468.2	6290	421
NC_003468.2	6291	422
NC_003468.2	6292	420
NC_003468.2	6293	421
NC_003468.2	6294	421
NC_003468.2	6295	420
NC_003468.2	6296	408
NC_003468.2	6297	416
NC_003468.2	6298	415
NC_003468.2	6299	417
NC_003468.2	6300	419
NC_003468.2	6301	419
NC_003468.2	6302	419
NC_003468.2	6303	419
NC_003468.2	6304	419
NC_003468.2	6305	419
NC_003468.2	6306	412
NC_003468.2	6307	414
NC_003468.2	6308	410
NC_003468.2	6309	414
NC_003468.2	6310	413
NC_003468.2	6311	412
NC_003468.2	6312	412
NC_003468.2	6313	412
NC_003468.2	6314	411
NC_003468.2	6315	411
NC_003468.2	6316	395
NC_003468.2	6317	395
NC_003468.2	6318	384
NC_003468.2	6319	377
NC_003468.2	6320	377
NC_003468.2	6321	350
NC_003468.2	6322	352
NC_003468.2	6323	356
NC_003468.2	6324	355
NC_003468.2	6325	355
NC_003468.2	6326	350
NC_003468.2	6327	350
NC_003468.2	6328	345
NC_003468.2	6329	345
NC_003468.2	6330	343
NC_003468.2	6331	344
NC_003468.2	6332	338
NC_003468.2	6333	340
NC_003468.2	6334	340
NC_003468.2	6335	340
NC_003468.2	6336	340
NC_003468.2	6337	340
NC_003468.2	6338	336
NC_003468.2	6339	334
NC_003468.2	6340	322
NC_003468.2	6341	322
NC_003468.2	6342	318
NC_003468.2	6343	317
NC_003468.2	6344	322
NC_003468.2	6345	322
NC_003468.2	6346	322
NC_003468.2	6347	321
NC_003468.2	6348	321
NC_003468.2	6349	318
NC_003468.2	6350	318
NC_003468.2	6351	317
NC_003468.2	6352	317
NC_003468.2	6353	300
NC_003468.2	6354	298
NC_003468.2	6355	298
NC_003468.2	6356	298
NC_003468.2	6357	298
NC_003468.2	6358	298
NC_003468.2	6359	293
NC_003468.2	6360	291
NC_003468.2	6361	291
NC_003468.2	6362	290
NC_003468.2	6363	290
NC_003468.2	6364	290
NC_003468.2	6365	290
NC_003468.2	6366	290
NC_003468.2	6367	289
NC_003468.2	6368	289
NC_003468.2	6369	289
NC_003468.2	6370	289
NC_003468.2	6371	290
NC_003468.2	6372	290
NC_003468.2	6373	296
NC_003468.2	6374	290
NC_003468.2	6375	290
NC_003468.2	6376	290
NC_003468.2	6377	291
NC_003468.2	6378	295
NC_003468.2	6379	295
NC_003468.2	6380	295
NC_003468.2	6381	295
NC_003468.2	6382	290
NC_003468.2	6383	289
NC_003468.2	6384	289
NC_003468.2	6385	276
NC_003468.2	6386	271
NC_003468.2	6387	263
NC_003468.2	6388	262
NC_003468.2	6389	259
NC_003468.2	6390	259
NC_003468.2	6391	241
NC_003468.2	6392	239
NC_003468.2	6393	239
NC_003468.2	6394	239
NC_003468.2	6395	239
NC_003468.2	6396	236
NC_003468.2	6397	234
NC_003468.2	6398	234
NC_003468.2	6399	232
NC_003468.2	6400	226
NC_003468.2	6401	220
NC_003468.2	6402	219
NC_003468.2	6403	219
NC_003468.2	6404	219
NC_003468.2	6405	219
NC_003468.2	6406	216
NC_003468.2	6407	192
NC_003468.2	6408	189
NC_003468.2	6409	186
NC_003468.2	6410	184
NC_003468.2	6411	184
NC_003468.2	6412	164
NC_003468.2	6413	163
NC_003468.2	6414	151
NC_003468.2	6415	146
NC_003468.2	6416	143
NC_003468.2	6417	140
NC_003468.2	6418	140
NC_003468.2	6419	138
NC_003468.2	6420	130
NC_003468.2	6421	129
NC_003468.2	6422	113
NC_003468.2	6423	113
NC_003468.2	6424	113
NC_003468.2	6425	113
NC_003468.2	6426	107
NC_003468.2	6427	106
NC_003468.2	6428	106
NC_003468.2	6429	97
NC_003468.2	6430	96
NC_003468.2	6431	92
NC_003468.2	6432	88
NC_003468.2	6433	88
NC_003468.2	6434	82
NC_003468.2	6435	82
NC_003468.2	6436	82
NC_003468.2	6437	82
NC_003468.2	6438	82
NC_003468.2	6439	58
NC_003468.2	6440	58
NC_003468.2	6441	58
NC_003468.2	6442	58
NC_003468.2	6443	57
NC_003468.2	6444	57
NC_003468.2	6445	49
NC_003468.2	6446	49
NC_003468.2	6447	48
NC_003468.2	6448	44
NC_003468.2	6449	34
NC_003468.2	6450	14
NC_003468.2	6451	10
NC_003468.2	6452	10
NC_003468.2	6453	8
NC_003468.2	6454	6
NC_003468.2	6455	6
NC_003468.2	6456	6
NC_003468.2	6457	6
NC_003468.2	6458	6
NC_003468.2	6459	6
NC_003468.2	6460	6
NC_003468.2	6461	6
NC_003468.2	6462	6
NC_003468.2	6463	6
NC_003468.2	6464	6
NC_003468.2	6465	6
NC_003468.2	6466	6
NC_003468.2	6467	6
NC_003468.2	6468	6
NC_003468.2	6469	6
NC_003468.2	6470	6
NC_003468.2	6471	6
NC_003468.2	6472	6
NC_003468.2	6473	4
NC_003468.2	6474	4
NC_003468.2	6475	4
NC_003468.2	6476	4
NC_003468.2	6477	4
NC_003468.2	6478	4
NC_003468.2	6479	0
NC_003468.2	6480	0
NC_003468.2	6481	0
NC_003468.2	6482	0
NC_003468.2	6483	0
NC_003468.2	6484	0
NC_003468.2	6485	0
NC_003468.2	6486	0
NC_003468.2	6487	0
NC_003468.2	6488	0
NC_003468.2	6489	0
NC_003468.2	6490	0
NC_003468.2	6491	0
NC_003468.2	6492	0
NC_003468.2	6493	0
NC_003468.2	6494	0
NC_003468.2	6495	0
NC_003468.2	6496	0
NC_003468.2	6497	0
NC_003468.2	6498	0
NC_003468.2	6499	0
NC_003468.2	6500	0
NC_003468.2	6501	0
NC_003468.2	6502	0
NC_003468.2	6503	0
NC_003468.2	6504	0
NC_003468.2	6505	0
NC_003468.2	6506	0
NC_003468.2	6507	0
NC_003468.2	6508	0
NC_003468.2	6509	0
NC_003468.2	6510	0
NC_003468.2	6511	0
NC_003468.2	6512	0
NC_003468.2	6513	0
NC_003468.2	6514	0
NC_003468.2	6515	0
NC_003468.2	6516	0
NC_003468.2	6517	0
NC_003468.2	6518	0
NC_003468.2	6519	0
NC_003468.2	6520	0
NC_003468.2	6521	0
NC_003468.2	6522	0
NC_003468.2	6523	0
NC_003468.2	6524	0
NC_003468.2	6525	0
NC_003468.2	6526	0
NC_003468.2	6527	0
NC_003468.2	6528	0
NC_003468.2	6529	0
NC_003468.2	6530	0
NC_003468.2	6531	0
NC_003468.2	6532	0
NC_003468.2	6533	0
NC_003468.2	6534	0
NC_003468.2	6535	0
NC_003468.2	6536	0
NC_003468.2	6537	0
NC_003468.2	6538	0
NC_003468.2	6539	0
NC_003468.2	6540	0
NC_003468.2	6541	0
NC_003468.2	6542	0
NC_003468.2	6543	0
NC_003468.2	6544	0
NC_003468.2	6545	0
NC_003468.2	6546	0
NC_003468.2	6547	0
NC_003468.2	6548	0
NC_003468.2	6549	0
NC_003468.2	6550	0
NC_003468.2	6551	0
NC_003468.2	6552	0
NC_003468.2	6553	0
NC_003468.2	6554	0
NC_003468.2	6555	0
NC_003468.2	6556	0
NC_003468.2	6557	0
NC_003468.2	6558	0
NC_003468.2	6559	0
NC_003468.2	6560	0
NC_003468.2	6561	0
NC_003468.2	6562	0
NC_003467.2	1	0
NC_003467.2	2	0
NC_003467.2	3	0
NC_003467.2	4	0
NC_003467.2	5	0
NC_003467.2	6	0
NC_003467.2	7	0
NC_003467.2	8	0
NC_003467.2	9	0
NC_003467.2	10	0
NC_003467.2	11	0
NC_003467.2	12	0
NC_003467.2	13	0
NC_003467.2	14	0
NC_003467.2	15	0
NC_003467.2	16	0
NC_003467.2	17	0
NC_003467.2	18	0
NC_003467.2	19	0
NC_003467.2	20	0
NC_003467.2	21	0
NC_003467.2	22	0
NC_003467.2	23	0
NC_003467.2	24	0
NC_003467.2	25	0
NC_003467.2	26	0
NC_003467.2	27	0
NC_003467.2	28	0
NC_003467.2	29	0
NC_003467.2	30	0
NC_003467.2	31	0
NC_003467.2	32	0
NC_003467.2	33	0
NC_003467.2	34	0
NC_003467.2	35	0
NC_003467.2	36	0
NC_003467.2	37	0
NC_003467.2	38	0
NC_003467.2	39	0
NC_003467.2	40	0
NC_003467.2	41	0
NC_003467.2	42	0
NC_003467.2	43	0
NC_003467.2	44	0
NC_003467.2	45	0
NC_003467.2	46	0
NC_003467.2	47	0
NC_003467.2	48	0
NC_003467.2	49	0
NC_003467.2	50	0
NC_003467.2	51	0
NC_003467.2	52	0
NC_003467.2	53	0
NC_003467.2	54	0
NC_003467.2	55	0
NC_003467.2	56	0
NC_003467.2	57	0
NC_003467.2	58	1
NC_003467.2	59	10
NC_003467.2	60	10
NC_003467.2	61	10
NC_003467.2	62	10
NC_003467.2	63	16
NC_003467.2	64	16
NC_003467.2	65	16
NC_003467.2	66	16
NC_003467.2	67	16
NC_003467.2	68	16
NC_003467.2	69	16
NC_003467.2	70	16
NC_003467.2	71	16
NC_003467.2	72	16
NC_003467.2	73	16
NC_003467.2	74	16
NC_003467.2	75	16
NC_003467.2	76	16
NC_003467.2	77	16
NC_003467.2	78	16
NC_003467.2	79	16
NC_003467.2	80	24
NC_003467.2	81	26
NC_003467.2	82	26
NC_003467.2	83	26
NC_003467.2	84	49
NC_003467.2	85	49
NC_003467.2	86	61
NC_003467.2	87	61
NC_003467.2	88	61
NC_003467.2	89	61
NC_003467.2	90	61
NC_003467.2	91	67
NC_003467.2	92	76
NC_003467.2	93	76
NC_003467.2	94	78
NC_003467.2	95	78
NC_003467.2	96	91
NC_003467.2	97	93
NC_003467.2	98	96
NC_003467.2	99	96
NC_003467.2	100	98
NC_003467.2	101	98
NC_003467.2	102	99
NC_003467.2	103	99
NC_003467.2	104	100
NC_003467.2	105	100
NC_003467.2	106	100
NC_003467.2	107	100
NC_003467.2	108	111
NC_003467.2	109	112
NC_003467.2	110	112
NC_003467.2	111	112
NC_003467.2	112	112
NC_003467.2	113	112
NC_003467.2	114	114
NC_003467.2	115	115
NC_003467.2	116	115
NC_003467.2	117	116
NC_003467.2	118	116
NC_003467.2	119	117
NC_003467.2	120	117
NC_003467.2	121	117
NC_003467.2	122	118
NC_003467.2	123	118
NC_003467.2	124	118
NC_003467.2	125	122
NC_003467.2	126	127
NC_003467.2	127	127
NC_003467.2	128	129
NC_003467.2	129	129
NC_003467.2	130	129
NC_003467.2	131	130
NC_003467.2	132	130
NC_003467.2	133	130
NC_003467.2	134	134
NC_003467.2	135	132
NC_003467.2	136	132
NC_003467.2	137	136
NC_003467.2	138	136
NC_003467.2	139	136
NC_003467.2	140	139
NC_003467.2	141	147
NC_003467.2	142	147
NC_003467.2	143	147
NC_003467.2	144	157
NC_003467.2	145	158
NC_003467.2	146	158
NC_003467.2	147	163
NC_003467.2	148	167
NC_003467.2	149	183
NC_003467.2	150	183
NC_003467.2	151	187
NC_003467.2	152	189
NC_003467.2	153	191
NC_003467.2	154	191
NC_003467.2	155	193
NC_003467.2	156	193
NC_003467.2	157	193
NC_003467.2	158	193
NC_003467.2	159	193
NC_003467.2	160	193
NC_003467.2	161	194
NC_003467.2	162	194
NC_003467.2	163	195
NC_003467.2	164	195
NC_003467.2	165	204
NC_003467.2	166	211
NC_003467.2	167	217
NC_003467.2	168	217
NC_003467.2	169	217
NC_003467.2	170	226
NC_003467.2	171	226
NC_003467.2	172	229
NC_003467.2	173	231
NC_003467.2	174	231
NC_003467.2	175	229
NC_003467.2	176	230
NC_003467.2	177	230
NC_003467.2	178	230
NC_003467.2	179	230
NC_003467.2	180	230
NC_003467.2	181	229
NC_003467.2	182	232
NC_003467.2	183	234
NC_003467.2	184	234
NC_003467.2	185	234
NC_003467.2	186	234
NC_003467.2	187	244
NC_003467.2	188	242
NC_003467.2	189	242
NC_003467.2	190	240
NC_003467.2	191	240
NC_003467.2	192	242
NC_003467.2	193	244
NC_003467.2	194	244
NC_003467.2	195	245
NC_003467.2	196	245
NC_003467.2	197	245
NC_003467.2	198	245
NC_003467.2	199	245
NC_003467.2	200	247
NC_003467.2	201	246
NC_003467.2	202	240
NC_003467.2	203	241
NC_003467.2	204	249
NC_003467.2	205	249
NC_003467.2	206	249
NC_003467.2	207	247
NC_003467.2	208	247
NC_003467.2	209	250
NC_003467.2	210	250
NC_003467.2	211	250
NC_003467.2	212	249
NC_003467.2	213	249
NC_003467.2	214	249
NC_003467.2	215	250
NC_003467.2	216	260
NC_003467.2	217	262
NC_003467.2	218	264
NC_003467.2	219	264
NC_003467.2	220	274
NC_003467.2	221	277
NC_003467.2	222	279
NC_003467.2	223	279
NC_003467.2	224	280
NC_003467.2	225	278
NC_003467.2	226	279
NC_003467.2	227	280
NC_003467.2	228	289
NC_003467.2	229	289
NC_003467.2	230	287
NC_003467.2	231	289
NC_003467.2	232	290
NC_003467.2	233	290
NC_003467.2	234	290
NC_003467.2	235	288
NC_003467.2	236	288
NC_003467.2	237	286
NC_003467.2	238	286
NC_003467.2	239	296
NC_003467.2	240	296
NC_003467.2	241	296
NC_003467.2	242	296
NC_003467.2	243	296
NC_003467.2	244	299
NC_003467.2	245	301
NC_003467.2	246	301
NC_003467.2	247	301
NC_003467.2	248	301
NC_003467.2	249	301
NC_003467.2	250	303
NC_003467.2	251	304
NC_003467.2	252	312
NC_003467.2	253	312
NC_003467.2	254	313
NC_003467.2	255	324
NC_003467.2	256	325
NC_003467.2	257	327
NC_003467.2	258	331
NC_003467.2	259	331
NC_003467.2	260	331
NC_003467.2	261	331
NC_003467.2	262	331
NC_003467.2	263	332
NC_003467.2	264	343
NC_003467.2	265	349
NC_003467.2	266	353
NC_003467.2	267	353
NC_003467.2	268	353
NC_003467.2	269	353
NC_003467.2	270	353
NC_003467.2	271	363
NC_003467.2	272	363
NC_003467.2	273	361
NC_003467.2	274	359
NC_003467.2	275	358
NC_003467.2	276	360
NC_003467.2	277	361
NC_003467.2	278	361
NC_003467.2	279	361
NC_003467.2	280	341
NC_003467.2	281	345
NC_003467.2	282	347
NC_003467.2	283	347
NC_003467.2	284	347
NC_003467.2	285	348
NC_003467.2	286	348
NC_003467.2	287	350
NC_003467.2	288	351
NC_003467.2	289	351
NC_003467.2	290	351
NC_003467.2	291	351
NC_003467.2	292	353
NC_003467.2	293	357
NC_003467.2	294	357
NC_003467.2	295	357
NC_003467.2	296	362
NC_003467.2	297	362
NC_003467.2	298	362
NC_003467.2	299	362
NC_003467.2	300	361
NC_003467.2	301	359
NC_003467.2	302	359
NC_003467.2	303	363
NC_003467.2	304	363
NC_003467.2	305	363
NC_003467.2	306	365
NC_003467.2	307	365
NC_003467.2	308	365
NC_003467.2	309	363
NC_003467.2	310	363
NC_003467.2	311	365
NC_003467.2	312	363
NC_003467.2	313	361
NC_003467.2	314	361
NC_003467.2	315	359
NC_003467.2	316	359
NC_003467.2	317	359
NC_003467.2	318	364
NC_003467.2	319	366
NC_003467.2	320	370
NC_003467.2	321	364
NC_003467.2	322	364
NC_003467.2	323	363
NC_003467.2	324	363
NC_003467.2	325	363
NC_003467.2	326	373
NC_003467.2	327	383
NC_003467.2	328	383
NC_003467.2	329	385
NC_003467.2	330	383
NC_003467.2	331	383
NC_003467.2	332	381
NC_003467.2	333	385
NC_003467.2	334	389
NC_003467.2	335	387
NC_003467.2	336	377
NC_003467.2	337	379
NC_003467.2	338	378
NC_003467.2	339	379
NC_003467.2	340	386
NC_003467.2	341	382
NC_003467.2	342	382
NC_003467.2	343	382
NC_003467.2	344	384
NC_003467.2	345	384
NC_003467.2	346	384
NC_003467.2	347	402
NC_003467.2	348	394
NC_003467.2	349	392
NC_003467.2	350	417
NC_003467.2	351	417
NC_003467.2	352	417
NC_003467.2	353	417
NC_003467.2	354	417
NC_003467.2	355	415
NC_003467.2	356	405
NC_003467.2	357	405
NC_003467.2	358	406
NC_003467.2	359	398
NC_003467.2	360	394
NC_003467.2	361	393
NC_003467.2	362	393
NC_003467.2	363	391
NC_003467.2	364	397
NC_003467.2	365	397
NC_003467.2	366	397
NC_003467.2	367	397
NC_003467.2	368	414
NC_003467.2	369	398
NC_003467.2	370	398
NC_003467.2	371	398
NC_003467.2	372	396
NC_003467.2	373	396
NC_003467.2	374	404
NC_003467.2	375	415
NC_003467.2	376	413
NC_003467.2	377	421
NC_003467.2	378	421
NC_003467.2	379	421
NC_003467.2	380	421
NC_003467.2	381	419
NC_003467.2	382	419
NC_003467.2	383	411
NC_003467.2	384	400
NC_003467.2	385	400
NC_003467.2	386	400
NC_003467.2	387	396
NC_003467.2	388	390
NC_003467.2	389	438
NC_003467.2	390	438
NC_003467.2	391	445
NC_003467.2	392	445
NC_003467.2	393	432
NC_003467.2	394	430
NC_003467.2	395	430
NC_003467.2	396	430
NC_003467.2	397	430
NC_003467.2	398	408
NC_003467.2	399	409
NC_003467.2	400	409
NC_003467.2	401	408
NC_003467.2	402	407
NC_003467.2	403	411
NC_003467.2	404	415
NC_003467.2	405	415
NC_003467.2	406	423
NC_003467.2	407	423
NC_003467.2	408	425
NC_003467.2	409	421
NC_003467.2	410	420
NC_003467.2	411	421
NC_003467.2	412	419
NC_003467.2	413	420
NC_003467.2	414	420
NC_003467.2	415	438
NC_003467.2	416	447
NC_003467.2	417	443
NC_003467.2	418	443
NC_003467.2	419	442
NC_003467.2	420	438
NC_003467.2	421	444
NC_003467.2	422	444
NC_003467.2	423	446
NC_003467.2	424	432
NC_003467.2	425	433
NC_003467.2	426	422
NC_003467.2	427	427
NC_003467.2	428	427
NC_003467.2	429	425
NC_003467.2	430	425
NC_003467.2	431	424
NC_003467.2	432	425
NC_003467.2	433	427
NC_003467.2	434	426
NC_003467.2	435	426
NC_003467.2	436	425
NC_003467.2	437	425
NC_003467.2	438	417
NC_003467.2	439	448
NC_003467.2	440	448
NC_003467.2	441	448
NC_003467.2	442	447
NC_003467.2	443	441
NC_003467.2	444	448
NC_003467.2	445	450
NC_003467.2	446	454
NC_003467.2	447	452
NC_003467.2	448	445
NC_003467.2	449	444
NC_003467.2	450	443
NC_003467.2	451	443
NC_003467.2	452	443
NC_003467.2	453	423
NC_003467.2	454	422
NC_003467.2	455	419
NC_003467.2	456	415
NC_003467.2	457	415
NC_003467.2	458	415
NC_003467.2	459	415
NC_003467.2	460	413
NC_003467.2	461	408
NC_003467.2	462	413
NC_003467.2	463	413
NC_003467.2	464	413
NC_003467.2	465	413
NC_003467.2	466	409
NC_003467.2	467	409
NC_003467.2	468	411
NC_003467.2	469	413
NC_003467.2	470	411
NC_003467.2	471	405
NC_003467.2	472	408
NC_003467.2	473	405
NC_003467.2	474	407
NC_003467.2	475	407
NC_003467.2	476	407
NC_003467.2	477	406
NC_003467.2	478	406
NC_003467.2	479	406
NC_003467.2	480	406
NC_003467.2	481	401
NC_003467.2	482	401
NC_003467.2	483	401
NC_003467.2	484	401
NC_003467.2	485	400
NC_003467.2	486	398
NC_003467.2	487	406
NC_003467.2	488	405
NC_003467.2	489	405
NC_003467.2	490	401
NC_003467.2	491	415
NC_003467.2	492	415
NC_003467.2	493	415
NC_003467.2	494	413
NC_003467.2	495	421
NC_003467.2	496	403
NC_003467.2	497	404
NC_003467.2	498	400
NC_003467.2	499	399
NC_003467.2	500	406
NC_003467.2	501	404
NC_003467.2	502	405
NC_003467.2	503	404
NC_003467.2	504	400
NC_003467.2	505	411
NC_003467.2	506	411
NC_003467.2	507	411
NC_003467.2	508	408
NC_003467.2	509	392
NC_003467.2	510	392
NC_003467.2	511	393
NC_003467.2	512	393
NC_003467.2	513	395
NC_003467.2	514	373
NC_003467.2	515	375
NC_003467.2	516	375
NC_003467.2	517	375
NC_003467.2	518	375
NC_003467.2	519	370
NC_003467.2	520	370
NC_003467.2	521	369
NC_003467.2	522	371
NC_003467.2	523	373
NC_003467.2	524	371
NC_003467.2	525	370
NC_003467.2	526	371
NC_003467.2	527	371
NC_003467.2	528	370
NC_003467.2	529	371
NC_003467.2	530	373
NC_003467.2	531	372
NC_003467.2	532	371
NC_003467.2	533	371
NC_003467.2	534	371
NC_003467.2	535	371
NC_003467.2	536	369
NC_003467.2	537	367
NC_003467.2	538	369
NC_003467.2	539	364
NC_003467.2	540	364
NC_003467.2	541	358
NC_003467.2	542	356
NC_003467.2	543	355
NC_003467.2	544	355
NC_003467.2	545	348
NC_003467.2	546	347
NC_003467.2	547	345
NC_003467.2	548	345
NC_003467.2	549	345
NC_003467.2	550	345
NC_003467.2	551	344
NC_003467.2	552	337
NC_003467.2	553	327
NC_003467.2	554	327
NC_003467.2	555	314
NC_003467.2	556	309
NC_003467.2	557	312
NC_003467.2	558	313
NC_003467.2	559	313
NC_003467.2	560	307
NC_003467.2	561	303
NC_003467.2	562	300
NC_003467.2	563	292
NC_003467.2	564	292
NC_003467.2	565	292
NC_003467.2	566	284
NC_003467.2	567	286
NC_003467.2	568	286
NC_003467.2	569	285
NC_003467.2	570	284
NC_003467.2	571	284
NC_003467.2	572	284
NC_003467.2	573	284
NC_003467.2	574	285
NC_003467.2	575	285
NC_003467.2	576	273
NC_003467.2	577	275
NC_003467.2	578	272
NC_003467.2	579	270
NC_003467.2	580	271
NC_003467.2	581	267
NC_003467.2	582	262
NC_003467.2	583	262
NC_003467.2	584	262
NC_003467.2	585	264
NC_003467.2	586	254
NC_003467.2	587	254
NC_003467.2	588	249
NC_003467.2	589	249
NC_003467.2	590	245
NC_003467.2	591	249
NC_003467.2	592	249
NC_003467.2	593	248
NC_003467.2	594	199
NC_003467.2	595	199
NC_003467.2	596	162
NC_003467.2	597	141
NC_003467.2	598	138
NC_003467.2	599	138
NC_003467.2	600	138
NC_003467.2	601	138
NC_003467.2	602	134
NC_003467.2	603	138
NC_003467.2	604	136
NC_003467.2	605	136
NC_003467.2	606	136
NC_003467.2	607	136
NC_003467.2	608	134
NC_003467.2	609	134
NC_003467.2	610	133
NC_003467.2	611	133
NC_003467.2	612	129
NC_003467.2	613	129
NC_003467.2	614	129
NC_003467.2	615	129
NC_003467.2	616	130
NC_003467.2	617	130
NC_003467.2	618	130
NC_003467.2	619	130
NC_003467.2	620	130
NC_003467.2	621	130
NC_003467.2	622	124
NC_003467.2	623	128
NC_003467.2	624	130
NC_003467.2	625	118
NC_003467.2	626	118
NC_003467.2	627	110
NC_003467.2	628	110
NC_003467.2	629	112
NC_003467.2	630	112
NC_003467.2	631	112
NC_003467.2	632	112
NC_003467.2	633	114
NC_003467.2	634	114
NC_003467.2	635	116
NC_003467.2	636	116
NC_003467.2	637	115
NC_003467.2	638	115
NC_003467.2	639	115
NC_003467.2	640	115
NC_003467.2	641	115
NC_003467.2	642	115
NC_003467.2	643	109
NC_003467.2	644	106
NC_003467.2	645	106
NC_003467.2	646	106
NC_003467.2	647	106
NC_003467.2	648	106
NC_003467.2	649	106
NC_003467.2	650	106
NC_003467.2	651	106
NC_003467.2	652	106
NC_003467.2	653	106
NC_003467.2	654	106
NC_003467.2	655	108
NC_003467.2	656	108
NC_003467.2	657	108
NC_003467.2	658	108
NC_003467.2	659	108
NC_003467.2	660	112
NC_003467.2	661	112
NC_003467.2	662	112
NC_003467.2	663	108
NC_003467.2	664	108
NC_003467.2	665	108
NC_003467.2	666	108
NC_003467.2	667	108
NC_003467.2	668	108
NC_003467.2	669	94
NC_003467.2	670	90
NC_003467.2	671	90
NC_003467.2	672	86
NC_003467.2	673	88
NC_003467.2	674	88
NC_003467.2	675	88
NC_003467.2	676	90
NC_003467.2	677	90
NC_003467.2	678	90
NC_003467.2	679	90
NC_003467.2	680	90
NC_003467.2	681	94
NC_003467.2	682	94
NC_003467.2	683	94
NC_003467.2	684	94
NC_003467.2	685	94
NC_003467.2	686	94
NC_003467.2	687	94
NC_003467.2	688	94
NC_003467.2	689	94
NC_003467.2	690	94
NC_003467.2	691	96
NC_003467.2	692	96
NC_003467.2	693	96
NC_003467.2	694	96
NC_003467.2	695	96
NC_003467.2	696	94
NC_003467.2	697	94
NC_003467.2	698	94
NC_003467.2	699	94
NC_003467.2	700	94
NC_003467.2	701	94
NC_003467.2	702	94
NC_003467.2	703	96
NC_003467.2	704	96
NC_003467.2	705	96
NC_003467.2	706	96
NC_003467.2	707	96
NC_003467.2	708	96
NC_003467.2	709	96
NC_003467.2	710	96
NC_003467.2	711	96
NC_003467.2	712	96
NC_003467.2	713	96
NC_003467.2	714	94
NC_003467.2	715	93
NC_003467.2	716	93
NC_003467.2	717	92
NC_003467.2	718	83
NC_003467.2	719	83
NC_003467.2	720	83
NC_003467.2	721	83
NC_003467.2	722	83
NC_003467.2	723	83
NC_003467.2	724	83
NC_003467.2	725	83
NC_003467.2	726	83
NC_003467.2	727	81
NC_003467.2	728	81
NC_003467.2	729	75
NC_003467.2	730	75
NC_003467.2	731	75
NC_003467.2	732	75
NC_003467.2	733	75
NC_003467.2	734	75
NC_003467.2	735	74
NC_003467.2	736	74
NC_003467.2	737	74
NC_003467.2	738	74
NC_003467.2	739	74
NC_003467.2	740	72
NC_003467.2	741	72
NC_003467.2	742	72
NC_003467.2	743	72
NC_003467.2	744	72
NC_003467.2	745	72
NC_003467.2	746	71
NC_003467.2	747	69
NC_003467.2	748	69
NC_003467.2	749	69
NC_003467.2	750	68
NC_003467.2	751	68
NC_003467.2	752	68
NC_003467.2	753	68
NC_003467.2	754	68
NC_003467.2	755	68
NC_003467.2	756	66
NC_003467.2	757	68
NC_003467.2	758	68
NC_003467.2	759	68
NC_003467.2	760	68
NC_003467.2	761	68
NC_003467.2	762	62
NC_003467.2	763	62
NC_003467.2	764	62
NC_003467.2	765	62
NC_003467.2	766	62
NC_003467.2	767	62
NC_003467.2	768	62
NC_003467.2	769	62
NC_003467.2	770	62
NC_003467.2	771	62
NC_003467.2	772	62
NC_003467.2	773	62
NC_003467.2	774	62
NC_003467.2	775	62
NC_003467.2	776	62
NC_003467.2	777	60
NC_003467.2	778	60
NC_003467.2	779	60
NC_003467.2	780	59
NC_003467.2	781	57
NC_003467.2	782	57
NC_003467.2	783	57
NC_003467.2	784	57
NC_003467.2	785	55
NC_003467.2	786	55
NC_003467.2	787	55
NC_003467.2	788	55
NC_003467.2	789	55
NC_003467.2	790	55
NC_003467.2	791	55
NC_003467.2	792	54
NC_003467.2	793	50
NC_003467.2	794	50
NC_003467.2	795	45
NC_003467.2	796	45
NC_003467.2	797	42
NC_003467.2	798	42
NC_003467.2	799	42
NC_003467.2	800	42
NC_003467.2	801	42
NC_003467.2	802	42
NC_003467.2	803	42
NC_003467.2	804	42
NC_003467.2	805	41
NC_003467.2	806	41
NC_003467.2	807	41
NC_003467.2	808	41
NC_003467.2	809	41
NC_003467.2	810	41
NC_003467.2	811	34
NC_003467.2	812	34
NC_003467.2	813	34
NC_003467.2	814	34
NC_003467.2	815	34
NC_003467.2	816	34
NC_003467.2	817	34
NC_003467.2	818	34
NC_003467.2	819	34
NC_003467.2	820	34
NC_003467.2	821	32
NC_003467.2	822	32
NC_003467.2	823	32
NC_003467.2	824	30
NC_003467.2	825	30
NC_003467.2	826	30
NC_003467.2	827	30
NC_003467.2	828	30
NC_003467.2	829	30
NC_003467.2	830	30
NC_003467.2	831	28
NC_003467.2	832	23
NC_003467.2	833	21
NC_003467.2	834	21
NC_003467.2	835	21
NC_003467.2	836	21
NC_003467.2	837	21
NC_003467.2	838	21
NC_003467.2	839	21
NC_003467.2	840	21
NC_003467.2	841	21
NC_003467.2	842	21
NC_003467.2	843	21
NC_003467.2	844	21
NC_003467.2	845	21
NC_003467.2	846	21
NC_003467.2	847	21
NC_003467.2	848	21
NC_003467.2	849	21
NC_003467.2	850	19
NC_003467.2	851	19
NC_003467.2	852	19
NC_003467.2	853	19
NC_003467.2	854	19
NC_003467.2	855	17
NC_003467.2	856	16
NC_003467.2	857	16
NC_003467.2	858	14
NC_003467.2	859	14
NC_003467.2	860	14
NC_003467.2	861	14
NC_003467.2	862	14
NC_003467.2	863	8
NC_003467.2	864	8
NC_003467.2	865	8
NC_003467.2	866	6
NC_003467.2	867	6
NC_003467.2	868	6
NC_003467.2	869	6
NC_003467.2	870	6
NC_003467.2	871	6
NC_003467.2	872	6
NC_003467.2	873	6
NC_003467.2	874	6
NC_003467.2	875	6
NC_003467.2	876	6
NC_003467.2	877	6
NC_003467.2	878	6
NC_003467.2	879	4
NC_003467.2	880	4
NC_003467.2	881	4
NC_003467.2	882	4
NC_003467.2	883	4
NC_003467.2	884	4
NC_003467.2	885	4
NC_003467.2	886	4
NC_003467.2	887	2
NC_003467.2	888	2
NC_003467.2	889	2
NC_003467.2	890	2
NC_003467.2	891	2
NC_003467.2	892	2
NC_003467.2	893	2
NC_003467.2	894	2
NC_003467.2	895	2
NC_003467.2	896	2
NC_003467.2	897	0
NC_003467.2	898	0
NC_003467.2	899	0
NC_003467.2	900	0
NC_003467.2	901	0
NC_003467.2	902	0
NC_003467.2	903	0
NC_003467.2	904	0
NC_003467.2	905	0
NC_003467.2	906	0
NC_003467.2	907	0
NC_003467.2	908	0
NC_003467.2	909	0
NC_003467.2	910	0
NC_003467.2	911	0
NC_003467.2	912	0
NC_003467.2	913	0
NC_003467.2	914	0
NC_003467.2	915	0
NC_003467.2	916	0
NC_003467.2	917	0
NC_003467.2	918	0
NC_003467.2	919	0
NC_003467.2	920	0
NC_003467.2	921	0
NC_003467.2	922	0
NC_003467.2	923	0
NC_003467.2	924	0
NC_003467.2	925	0
NC_003467.2	926	0
NC_003467.2	927	0
NC_003467.2	928	0
NC_003467.2	929	0
NC_003467.2	930	0
NC_003467.2	931	0
NC_003467.2	932	0
NC_003467.2	933	0
NC_003467.2	934	0
NC_003467.2	935	0
NC_003467.2	936	0
NC_003467.2	937	0
NC_003467.2	938	0
NC_003467.2	939	0
NC_003467.2	940	0
NC_003467.2	941	0
NC_003467.2	942	0
NC_003467.2	943	0
NC_003467.2	944	0
NC_003467.2	945	0
NC_003467.2	946	2
NC_003467.2	947	2
NC_003467.2	948	4
NC_003467.2	949	4
NC_003467.2	950	4
NC_003467.2	951	4
NC_003467.2	952	5
NC_003467.2	953	5
NC_003467.2	954	5
NC_003467.2	955	5
NC_003467.2	956	9
NC_003467.2	957	9
NC_003467.2	958	9
NC_003467.2	959	9
NC_003467.2	960	9
NC_003467.2	961	9
NC_003467.2	962	9
NC_003467.2	963	9
NC_003467.2	964	9
NC_003467.2	965	9
NC_003467.2	966	13
NC_003467.2	967	13
NC_003467.2	968	13
NC_003467.2	969	13
NC_003467.2	970	13
NC_003467.2	971	15
NC_003467.2	972	16
NC_003467.2	973	16
NC_003467.2	974	18
NC_003467.2	975	23
NC_003467.2	976	23
NC_003467.2	977	23
NC_003467.2	978	23
NC_003467.2	979	23
NC_003467.2	980	25
NC_003467.2	981	25
NC_003467.2	982	25
NC_003467.2	983	27
NC_003467.2	984	27
NC_003467.2	985	29
NC_003467.2	986	29
NC_003467.2	987	29
NC_003467.2	988	29
NC_003467.2	989	33
NC_003467.2	990	33
NC_003467.2	991	33
NC_003467.2	992	33
NC_003467.2	993	35
NC_003467.2	994	35
NC_003467.2	995	35
NC_003467.2	996	35
NC_003467.2	997	35
NC_003467.2	998	35
NC_003467.2	999	35
NC_003467.2	1000	35
NC_003467.2	1001	35
NC_003467.2	1002	35
NC_003467.2	1003	35
NC_003467.2	1004	36
NC_003467.2	1005	36
NC_003467.2	1006	36
NC_003467.2	1007	36
NC_003467.2	1008	36
NC_003467.2	1009	36
NC_003467.2	1010	36
NC_003467.2	1011	36
NC_003467.2	1012	36
NC_003467.2	1013	36
NC_003467.2	1014	36
NC_003467.2	1015	36
NC_003467.2	1016	36
NC_003467.2	1017	37
NC_003467.2	1018	37
NC_003467.2	1019	37
NC_003467.2	1020	37
NC_003467.2	1021	39
NC_003467.2	1022	39
NC_003467.2	1023	39
NC_003467.2	1024	39
NC_003467.2	1025	39
NC_003467.2	1026	39
NC_003467.2	1027	39
NC_003467.2	1028	39
NC_003467.2	1029	39
NC_003467.2	1030	40
NC_003467.2	1031	40
NC_003467.2	1032	40
NC_003467.2	1033	40
NC_003467.2	1034	46
NC_003467.2	1035	49
NC_003467.2	1036	49
NC_003467.2	1037	49
NC_003467.2	1038	49
NC_003467.2	1039	49
NC_003467.2	1040	51
NC_003467.2	1041	51
NC_003467.2	1042	51
NC_003467.2	1043	49
NC_003467.2	1044	55
NC_003467.2	1045	55
NC_003467.2	1046	55
NC_003467.2	1047	55
NC_003467.2	1048	55
NC_003467.2	1049	57
NC_003467.2	1050	57
NC_003467.2	1051	57
NC_003467.2	1052	57
NC_003467.2	1053	57
NC_003467.2	1054	57
NC_003467.2	1055	57
NC_003467.2	1056	57
NC_003467.2	1057	57
NC_003467.2	1058	58
NC_003467.2	1059	58
NC_003467.2	1060	58
NC_003467.2	1061	58
NC_003467.2	1062	58
NC_003467.2	1063	58
NC_003467.2	1064	58
NC_003467.2	1065	58
NC_003467.2	1066	58
NC_003467.2	1067	58
NC_003467.2	1068	58
NC_003467.2	1069	58
NC_003467.2	1070	58
NC_003467.2	1071	57
NC_003467.2	1072	57
NC_003467.2	1073	57
NC_003467.2	1074	57
NC_003467.2	1075	59
NC_003467.2	1076	61
NC_003467.2	1077	63
NC_003467.2	1078	63
NC_003467.2	1079	61
NC_003467.2	1080	61
NC_003467.2	1081	61
NC_003467.2	1082	65
NC_003467.2	1083	65
NC_003467.2	1084	65
NC_003467.2	1085	65
NC_003467.2	1086	65
NC_003467.2	1087	65
NC_003467.2	1088	65
NC_003467.2	1089	66
NC_003467.2	1090	66
NC_003467.2	1091	66
NC_003467.2	1092	64
NC_003467.2	1093	64
NC_003467.2	1094	64
NC_003467.2	1095	64
NC_003467.2	1096	65
NC_003467.2	1097	65
NC_003467.2	1098	65
NC_003467.2	1099	65
NC_003467.2	1100	65
NC_003467.2	1101	65
NC_003467.2	1102	65
NC_003467.2	1103	65
NC_003467.2	1104	65
NC_003467.2	1105	65
NC_003467.2	1106	65
NC_003467.2	1107	65
NC_003467.2	1108	64
NC_003467.2	1109	64
NC_003467.2	1110	72
NC_003467.2	1111	72
NC_003467.2	1112	73
NC_003467.2	1113	73
NC_003467.2	1114	73
NC_003467.2	1115	73
NC_003467.2	1116	79
NC_003467.2	1117	70
NC_003467.2	1118	70
NC_003467.2	1119	70
NC_003467.2	1120	70
NC_003467.2	1121	72
NC_003467.2	1122	74
NC_003467.2	1123	74
NC_003467.2	1124	74
NC_003467.2	1125	70
NC_003467.2	1126	70
NC_003467.2	1127	72
NC_003467.2	1128	72
NC_003467.2	1129	72
NC_003467.2	1130	72
NC_003467.2	1131	72
NC_003467.2	1132	72
NC_003467.2	1133	72
NC_003467.2	1134	78
NC_003467.2	1135	78
NC_003467.2	1136	76
NC_003467.2	1137	76
NC_003467.2	1138	76
NC_003467.2	1139	76
NC_003467.2	1140	76
NC_003467.2	1141	74
NC_003467.2	1142	74
NC_003467.2	1143	73
NC_003467.2	1144	74
NC_003467.2	1145	74
NC_003467.2	1146	74
NC_003467.2	1147	74
NC_003467.2	1148	74
NC_003467.2	1149	74
NC_003467.2	1150	76
NC_003467.2	1151	76
NC_003467.2	1152	76
NC_003467.2	1153	76
NC_003467.2	1154	76
NC_003467.2	1155	74
NC_003467.2	1156	76
NC_003467.2	1157	79
NC_003467.2	1158	79
NC_003467.2	1159	79
NC_003467.2	1160	79
NC_003467.2	1161	79
NC_003467.2	1162	79
NC_003467.2	1163	79
NC_003467.2	1164	79
NC_003467.2	1165	79
NC_003467.2	1166	77
NC_003467.2	1167	77
NC_003467.2	1168	77
NC_003467.2	1169	77
NC_003467.2	1170	77
NC_003467.2	1171	77
NC_003467.2	1172	77
NC_003467.2	1173	77
NC_003467.2	1174	77
NC_003467.2	1175	77
NC_003467.2	1176	77
NC_003467.2	1177	77
NC_003467.2	1178	77
NC_003467.2	1179	77
NC_003467.2	1180	77
NC_003467.2	1181	77
NC_003467.2	1182	77
NC_003467.2	1183	77
NC_003467.2	1184	77
NC_003467.2	1185	77
NC_003467.2	1186	77
NC_003467.2	1187	79
NC_003467.2	1188	79
NC_003467.2	1189	79
NC_003467.2	1190	79
NC_003467.2	1191	79
NC_003467.2	1192	80
NC_003467.2	1193	76
NC_003467.2	1194	76
NC_003467.2	1195	76
NC_003467.2	1196	76
NC_003467.2	1197	75
NC_003467.2	1198	75
NC_003467.2	1199	78
NC_003467.2	1200	79
NC_003467.2	1201	77
NC_003467.2	1202	77
NC_003467.2	1203	75
NC_003467.2	1204	75
NC_003467.2	1205	75
NC_003467.2	1206	74
NC_003467.2	1207	74
NC_003467.2	1208	74
NC_003467.2	1209	74
NC_003467.2	1210	77
NC_003467.2	1211	77
NC_003467.2	1212	77
NC_003467.2	1213	78
NC_003467.2	1214	78
NC_003467.2	1215	78
NC_003467.2	1216	80
NC_003467.2	1217	80
NC_003467.2	1218	82
NC_003467.2	1219	82
NC_003467.2	1220	82
NC_003467.2	1221	81
NC_003467.2	1222	81
NC_003467.2	1223	81
NC_003467.2	1224	81
NC_003467.2	1225	81
NC_003467.2	1226	81
NC_003467.2	1227	81
NC_003467.2	1228	81
NC_003467.2	1229	82
NC_003467.2	1230	86
NC_003467.2	1231	87
NC_003467.2	1232	87
NC_003467.2	1233	79
NC_003467.2	1234	79
NC_003467.2	1235	83
NC_003467.2	1236	83
NC_003467.2	1237	83
NC_003467.2	1238	83
NC_003467.2	1239	83
NC_003467.2	1240	83
NC_003467.2	1241	83
NC_003467.2	1242	83
NC_003467.2	1243	83
NC_003467.2	1244	81
NC_003467.2	1245	80
NC_003467.2	1246	80
NC_003467.2	1247	80
NC_003467.2	1248	80
NC_003467.2	1249	80
NC_003467.2	1250	80
NC_003467.2	1251	83
NC_003467.2	1252	83
NC_003467.2	1253	83
NC_003467.2	1254	83
NC_003467.2	1255	83
NC_003467.2	1256	83
NC_003467.2	1257	83
NC_003467.2	1258	83
NC_003467.2	1259	83
NC_003467.2	1260	79
NC_003467.2	1261	79
NC_003467.2	1262	79
NC_003467.2	1263	79
NC_003467.2	1264	79
NC_003467.2	1265	79
NC_003467.2	1266	77
NC_003467.2	1267	77
NC_003467.2	1268	77
NC_003467.2	1269	75
NC_003467.2	1270	75
NC_003467.2	1271	75
NC_003467.2	1272	73
NC_003467.2	1273	72
NC_003467.2	1274	72
NC_003467.2	1275	72
NC_003467.2	1276	72
NC_003467.2	1277	72
NC_003467.2	1278	70
NC_003467.2	1279	70
NC_003467.2	1280	70
NC_003467.2	1281	70
NC_003467.2	1282	70
NC_003467.2	1283	70
NC_003467.2	1284	70
NC_003467.2	1285	70
NC_003467.2	1286	70
NC_003467.2	1287	68
NC_003467.2	1288	70
NC_003467.2	1289	70
NC_003467.2	1290	70
NC_003467.2	1291	70
NC_003467.2	1292	70
NC_003467.2	1293	70
NC_003467.2	1294	70
NC_003467.2	1295	74
NC_003467.2	1296	74
NC_003467.2	1297	74
NC_003467.2	1298	74
NC_003467.2	1299	74
NC_003467.2	1300	69
NC_003467.2	1301	69
NC_003467.2	1302	69
NC_003467.2	1303	69
NC_003467.2	1304	69
NC_003467.2	1305	69
NC_003467.2	1306	69
NC_003467.2	1307	69
NC_003467.2	1308	69
NC_003467.2	1309	69
NC_003467.2	1310	69
NC_003467.2	1311	69
NC_003467.2	1312	69
NC_003467.2	1313	69
NC_003467.2	1314	69
NC_003467.2	1315	69
NC_003467.2	1316	69
NC_003467.2	1317	69
NC_003467.2	1318	69
NC_003467.2	1319	69
NC_003467.2	1320	69
NC_003467.2	1321	72
NC_003467.2	1322	72
NC_003467.2	1323	72
NC_003467.2	1324	72
NC_003467.2	1325	72
NC_003467.2	1326	72
NC_003467.2	1327	72
NC_003467.2	1328	72
NC_003467.2	1329	72
NC_003467.2	1330	72
NC_003467.2	1331	74
NC_003467.2	1332	73
NC_003467.2	1333	73
NC_003467.2	1334	73
NC_003467.2	1335	73
NC_003467.2	1336	73
NC_003467.2	1337	73
NC_003467.2	1338	73
NC_003467.2	1339	75
NC_003467.2	1340	75
NC_003467.2	1341	75
NC_003467.2	1342	81
NC_003467.2	1343	81
NC_003467.2	1344	81
NC_003467.2	1345	81
NC_003467.2	1346	81
NC_003467.2	1347	81
NC_003467.2	1348	81
NC_003467.2	1349	81
NC_003467.2	1350	81
NC_003467.2	1351	81
NC_003467.2	1352	81
NC_003467.2	1353	79
NC_003467.2	1354	88
NC_003467.2	1355	88
NC_003467.2	1356	85
NC_003467.2	1357	88
NC_003467.2	1358	89
NC_003467.2	1359	89
NC_003467.2	1360	87
NC_003467.2	1361	87
NC_003467.2	1362	88
NC_003467.2	1363	83
NC_003467.2	1364	87
NC_003467.2	1365	87
NC_003467.2	1366	83
NC_003467.2	1367	83
NC_003467.2	1368	83
NC_003467.2	1369	86
NC_003467.2	1370	86
NC_003467.2	1371	86
NC_003467.2	1372	87
NC_003467.2	1373	87
NC_003467.2	1374	89
NC_003467.2	1375	92
NC_003467.2	1376	92
NC_003467.2	1377	95
NC_003467.2	1378	95
NC_003467.2	1379	96
NC_003467.2	1380	97
NC_003467.2	1381	97
NC_003467.2	1382	97
NC_003467.2	1383	95
NC_003467.2	1384	93
NC_003467.2	1385	93
NC_003467.2	1386	93
NC_003467.2	1387	93
NC_003467.2	1388	93
NC_003467.2	1389	93
NC_003467.2	1390	92
NC_003467.2	1391	92
NC_003467.2	1392	92
NC_003467.2	1393	90
NC_003467.2	1394	90
NC_003467.2	1395	90
NC_003467.2	1396	90
NC_003467.2	1397	90
NC_003467.2	1398	90
NC_003467.2	1399	90
NC_003467.2	1400	90
NC_003467.2	1401	90
NC_003467.2	1402	90
NC_003467.2	1403	90
NC_003467.2	1404	91
NC_003467.2	1405	91
NC_003467.2	1406	91
NC_003467.2	1407	91
NC_003467.2	1408	91
NC_003467.2	1409	91
NC_003467.2	1410	91
NC_003467.2	1411	92
NC_003467.2	1412	92
NC_003467.2	1413	102
NC_003467.2	1414	104
NC_003467.2	1415	121
NC_003467.2	1416	121
NC_003467.2	1417	121
NC_003467.2	1418	129
NC_003467.2	1419	129
NC_003467.2	1420	129
NC_003467.2	1421	129
NC_003467.2	1422	125
NC_003467.2	1423	125
NC_003467.2	1424	121
NC_003467.2	1425	115
NC_003467.2	1426	121
NC_003467.2	1427	121
NC_003467.2	1428	121
NC_003467.2	1429	121
NC_003467.2	1430	121
NC_003467.2	1431	121
NC_003467.2	1432	121
NC_003467.2	1433	121
NC_003467.2	1434	121
NC_003467.2	1435	121
NC_003467.2	1436	121
NC_003467.2	1437	121
NC_003467.2	1438	121
NC_003467.2	1439	121
NC_003467.2	1440	121
NC_003467.2	1441	121
NC_003467.2	1442	121
NC_003467.2	1443	121
NC_003467.2	1444	121
NC_003467.2	1445	121
NC_003467.2	1446	120
NC_003467.2	1447	120
NC_003467.2	1448	118
NC_003467.2	1449	118
NC_003467.2	1450	115
NC_003467.2	1451	115
NC_003467.2	1452	115
NC_003467.2	1453	119
NC_003467.2	1454	120
NC_003467.2	1455	119
NC_003467.2	1456	121
NC_003467.2	1457	119
NC_003467.2	1458	118
NC_003467.2	1459	118
NC_003467.2	1460	118
NC_003467.2	1461	118
NC_003467.2	1462	118
NC_003467.2	1463	118
NC_003467.2	1464	120
NC_003467.2	1465	120
NC_003467.2	1466	120
NC_003467.2	1467	120
NC_003467.2	1468	120
NC_003467.2	1469	120
NC_003467.2	1470	118
NC_003467.2	1471	122
NC_003467.2	1472	132
NC_003467.2	1473	132
NC_003467.2	1474	134
NC_003467.2	1475	134
NC_003467.2	1476	134
NC_003467.2	1477	134
NC_003467.2	1478	134
NC_003467.2	1479	134
NC_003467.2	1480	134
NC_003467.2	1481	132
NC_003467.2	1482	132
NC_003467.2	1483	130
NC_003467.2	1484	130
NC_003467.2	1485	128
NC_003467.2	1486	126
NC_003467.2	1487	126
NC_003467.2	1488	126
NC_003467.2	1489	126
NC_003467.2	1490	126
NC_003467.2	1491	126
NC_003467.2	1492	126
NC_003467.2	1493	125
NC_003467.2	1494	125
NC_003467.2	1495	125
NC_003467.2	1496	125
NC_003467.2	1497	125
NC_003467.2	1498	123
NC_003467.2	1499	123
NC_003467.2	1500	119
NC_003467.2	1501	111
NC_003467.2	1502	105
NC_003467.2	1503	103
NC_003467.2	1504	102
NC_003467.2	1505	102
NC_003467.2	1506	101
NC_003467.2	1507	101
NC_003467.2	1508	101
NC_003467.2	1509	101
NC_003467.2	1510	101
NC_003467.2	1511	101
NC_003467.2	1512	99
NC_003467.2	1513	100
NC_003467.2	1514	100
NC_003467.2	1515	98
NC_003467.2	1516	98
NC_003467.2	1517	95
NC_003467.2	1518	95
NC_003467.2	1519	95
NC_003467.2	1520	91
NC_003467.2	1521	89
NC_003467.2	1522	89
NC_003467.2	1523	89
NC_003467.2	1524	89
NC_003467.2	1525	89
NC_003467.2	1526	89
NC_003467.2	1527	89
NC_003467.2	1528	89
NC_003467.2	1529	89
NC_003467.2	1530	85
NC_003467.2	1531	85
NC_003467.2	1532	81
NC_003467.2	1533	81
NC_003467.2	1534	81
NC_003467.2	1535	81
NC_003467.2	1536	81
NC_003467.2	1537	79
NC_003467.2	1538	79
NC_003467.2	1539	79
NC_003467.2	1540	79
NC_003467.2	1541	79
NC_003467.2	1542	79
NC_003467.2	1543	79
NC_003467.2	1544	79
NC_003467.2	1545	79
NC_003467.2	1546	81
NC_003467.2	1547	81
NC_003467.2	1548	81
NC_003467.2	1549	81
NC_003467.2	1550	79
NC_003467.2	1551	79
NC_003467.2	1552	79
NC_003467.2	1553	79
NC_003467.2	1554	73
NC_003467.2	1555	72
NC_003467.2	1556	72
NC_003467.2	1557	72
NC_003467.2	1558	72
NC_003467.2	1559	72
NC_003467.2	1560	71
NC_003467.2	1561	73
NC_003467.2	1562	73
NC_003467.2	1563	73
NC_003467.2	1564	74
NC_003467.2	1565	75
NC_003467.2	1566	75
NC_003467.2	1567	77
NC_003467.2	1568	77
NC_003467.2	1569	77
NC_003467.2	1570	77
NC_003467.2	1571	77
NC_003467.2	1572	77
NC_003467.2	1573	75
NC_003467.2	1574	75
NC_003467.2	1575	75
NC_003467.2	1576	75
NC_003467.2	1577	75
NC_003467.2	1578	75
NC_003467.2	1579	75
NC_003467.2	1580	75
NC_003467.2	1581	77
NC_003467.2	1582	67
NC_003467.2	1583	71
NC_003467.2	1584	69
NC_003467.2	1585	69
NC_003467.2	1586	69
NC_003467.2	1587	69
NC_003467.2	1588	69
NC_003467.2	1589	69
NC_003467.2	1590	69
NC_003467.2	1591	69
NC_003467.2	1592	65
NC_003467.2	1593	65
NC_003467.2	1594	65
NC_003467.2	1595	65
NC_003467.2	1596	68
NC_003467.2	1597	69
NC_003467.2	1598	69
NC_003467.2	1599	70
NC_003467.2	1600	70
NC_003467.2	1601	70
NC_003467.2	1602	76
NC_003467.2	1603	76
NC_003467.2	1604	76
NC_003467.2	1605	76
NC_003467.2	1606	76
NC_003467.2	1607	82
NC_003467.2	1608	82
NC_003467.2	1609	84
NC_003467.2	1610	90
NC_003467.2	1611	100
NC_003467.2	1612	103
NC_003467.2	1613	103
NC_003467.2	1614	109
NC_003467.2	1615	109
NC_003467.2	1616	119
NC_003467.2	1617	119
NC_003467.2	1618	119
NC_003467.2	1619	121
NC_003467.2	1620	118
NC_003467.2	1621	118
NC_003467.2	1622	118
NC_003467.2	1623	118
NC_003467.2	1624	118
NC_003467.2	1625	118
NC_003467.2	1626	118
NC_003467.2	1627	118
NC_003467.2	1628	118
NC_003467.2	1629	118
NC_003467.2	1630	118
NC_003467.2	1631	118
NC_003467.2	1632	122
NC_003467.2	1633	122
NC_003467.2	1634	122
NC_003467.2	1635	122
NC_003467.2	1636	122
NC_003467.2	1637	122
NC_003467.2	1638	122
NC_003467.2	1639	122
NC_003467.2	1640	122
NC_003467.2	1641	122
NC_003467.2	1642	124
NC_003467.2	1643	124
NC_003467.2	1644	124
NC_003467.2	1645	124
NC_003467.2	1646	124
NC_003467.2	1647	124
NC_003467.2	1648	124
NC_003467.2	1649	124
NC_003467.2	1650	124
NC_003467.2	1651	124
NC_003467.2	1652	124
NC_003467.2	1653	124
NC_003467.2	1654	124
NC_003467.2	1655	122
NC_003467.2	1656	122
NC_003467.2	1657	123
NC_003467.2	1658	121
NC_003467.2	1659	121
NC_003467.2	1660	121
NC_003467.2	1661	121
NC_003467.2	1662	122
NC_003467.2	1663	122
NC_003467.2	1664	122
NC_003467.2	1665	122
NC_003467.2	1666	122
NC_003467.2	1667	122
NC_003467.2	1668	125
NC_003467.2	1669	121
NC_003467.2	1670	121
NC_003467.2	1671	121
NC_003467.2	1672	121
NC_003467.2	1673	125
NC_003467.2	1674	125
NC_003467.2	1675	129
NC_003467.2	1676	129
NC_003467.2	1677	125
NC_003467.2	1678	123
NC_003467.2	1679	123
NC_003467.2	1680	125
NC_003467.2	1681	125
NC_003467.2	1682	136
NC_003467.2	1683	134
NC_003467.2	1684	136
NC_003467.2	1685	136
NC_003467.2	1686	136
NC_003467.2	1687	136
NC_003467.2	1688	136
NC_003467.2	1689	136
NC_003467.2	1690	138
NC_003467.2	1691	136
NC_003467.2	1692	137
NC_003467.2	1693	135
NC_003467.2	1694	130
NC_003467.2	1695	129
NC_003467.2	1696	122
NC_003467.2	1697	128
NC_003467.2	1698	128
NC_003467.2	1699	128
NC_003467.2	1700	127
NC_003467.2	1701	132
NC_003467.2	1702	132
NC_003467.2	1703	132
NC_003467.2	1704	130
NC_003467.2	1705	130
NC_003467.2	1706	126
NC_003467.2	1707	126
NC_003467.2	1708	126
NC_003467.2	1709	126
NC_003467.2	1710	126
NC_003467.2	1711	128
NC_003467.2	1712	128
NC_003467.2	1713	131
NC_003467.2	1714	125
NC_003467.2	1715	125
NC_003467.2	1716	126
NC_003467.2	1717	126
NC_003467.2	1718	126
NC_003467.2	1719	126
NC_003467.2	1720	126
NC_003467.2	1721	124
NC_003467.2	1722	124
NC_003467.2	1723	124
NC_003467.2	1724	124
NC_003467.2	1725	123
NC_003467.2	1726	123
NC_003467.2	1727	123
NC_003467.2	1728	121
NC_003467.2	1729	122
NC_003467.2	1730	122
NC_003467.2	1731	122
NC_003467.2	1732	124
NC_003467.2	1733	122
NC_003467.2	1734	122
NC_003467.2	1735	122
NC_003467.2	1736	122
NC_003467.2	1737	122
NC_003467.2	1738	122
NC_003467.2	1739	124
NC_003467.2	1740	128
NC_003467.2	1741	128
NC_003467.2	1742	128
NC_003467.2	1743	128
NC_003467.2	1744	126
NC_003467.2	1745	126
NC_003467.2	1746	126
NC_003467.2	1747	126
NC_003467.2	1748	126
NC_003467.2	1749	126
NC_003467.2	1750	126
NC_003467.2	1751	126
NC_003467.2	1752	126
NC_003467.2	1753	126
NC_003467.2	1754	126
NC_003467.2	1755	126
NC_003467.2	1756	126
NC_003467.2	1757	126
NC_003467.2	1758	126
NC_003467.2	1759	126
NC_003467.2	1760	126
NC_003467.2	1761	126
NC_003467.2	1762	126
NC_003467.2	1763	126
NC_003467.2	1764	126
NC_003467.2	1765	126
NC_003467.2	1766	124
NC_003467.2	1767	126
NC_003467.2	1768	126
NC_003467.2	1769	128
NC_003467.2	1770	129
NC_003467.2	1771	130
NC_003467.2	1772	130
NC_003467.2	1773	130
NC_003467.2	1774	130
NC_003467.2	1775	130
NC_003467.2	1776	130
NC_003467.2	1777	129
NC_003467.2	1778	129
NC_003467.2	1779	122
NC_003467.2	1780	122
NC_003467.2	1781	122
NC_003467.2	1782	122
NC_003467.2	1783	126
NC_003467.2	1784	126
NC_003467.2	1785	126
NC_003467.2	1786	126
NC_003467.2	1787	126
NC_003467.2	1788	128
NC_003467.2	1789	128
NC_003467.2	1790	131
NC_003467.2	1791	131
NC_003467.2	1792	132
NC_003467.2	1793	132
NC_003467.2	1794	132
NC_003467.2	1795	132
NC_003467.2	1796	131
NC_003467.2	1797	129
NC_003467.2	1798	133
NC_003467.2	1799	133
NC_003467.2	1800	133
NC_003467.2	1801	133
NC_003467.2	1802	133
NC_003467.2	1803	133
NC_003467.2	1804	133
NC_003467.2	1805	133
NC_003467.2	1806	133
NC_003467.2	1807	133
NC_003467.2	1808	133
NC_003467.2	1809	133
NC_003467.2	1810	135
NC_003467.2	1811	135
NC_003467.2	1812	135
NC_003467.2	1813	134
NC_003467.2	1814	134
NC_003467.2	1815	130
NC_003467.2	1816	130
NC_003467.2	1817	138
NC_003467.2	1818	140
NC_003467.2	1819	140
NC_003467.2	1820	140
NC_003467.2	1821	140
NC_003467.2	1822	140
NC_003467.2	1823	140
NC_003467.2	1824	140
NC_003467.2	1825	138
NC_003467.2	1826	138
NC_003467.2	1827	132
NC_003467.2	1828	130
NC_003467.2	1829	130
NC_003467.2	1830	130
NC_003467.2	1831	130
NC_003467.2	1832	130
NC_003467.2	1833	126
NC_003467.2	1834	126
NC_003467.2	1835	126
NC_003467.2	1836	126
NC_003467.2	1837	126
NC_003467.2	1838	126
NC_003467.2	1839	126
NC_003467.2	1840	124
NC_003467.2	1841	124
NC_003467.2	1842	122
NC_003467.2	1843	122
NC_003467.2	1844	122
NC_003467.2	1845	120
NC_003467.2	1846	120
NC_003467.2	1847	122
NC_003467.2	1848	123
NC_003467.2	1849	127
NC_003467.2	1850	127
NC_003467.2	1851	127
NC_003467.2	1852	125
NC_003467.2	1853	123
NC_003467.2	1854	123
NC_003467.2	1855	123
NC_003467.2	1856	124
NC_003467.2	1857	122
NC_003467.2	1858	120
NC_003467.2	1859	120
NC_003467.2	1860	120
NC_003467.2	1861	118
NC_003467.2	1862	118
NC_003467.2	1863	118
NC_003467.2	1864	120
NC_003467.2	1865	120
NC_003467.2	1866	120
NC_003467.2	1867	115
NC_003467.2	1868	115
NC_003467.2	1869	115
NC_003467.2	1870	115
NC_003467.2	1871	115
NC_003467.2	1872	113
NC_003467.2	1873	113
NC_003467.2	1874	113
NC_003467.2	1875	116
NC_003467.2	1876	116
NC_003467.2	1877	116
NC_003467.2	1878	116
NC_003467.2	1879	117
NC_003467.2	1880	117
NC_003467.2	1881	117
NC_003467.2	1882	116
NC_003467.2	1883	116
NC_003467.2	1884	112
NC_003467.2	1885	114
NC_003467.2	1886	114
NC_003467.2	1887	126
NC_003467.2	1888	126
NC_003467.2	1889	127
NC_003467.2	1890	130
NC_003467.2	1891	130
NC_003467.2	1892	130
NC_003467.2	1893	130
NC_003467.2	1894	124
NC_003467.2	1895	124
NC_003467.2	1896	120
NC_003467.2	1897	115
NC_003467.2	1898	114
NC_003467.2	1899	114
NC_003467.2	1900	113
NC_003467.2	1901	113
NC_003467.2	1902	115
NC_003467.2	1903	113
NC_003467.2	1904	113
NC_003467.2	1905	113
NC_003467.2	1906	109
NC_003467.2	1907	111
NC_003467.2	1908	111
NC_003467.2	1909	111
NC_003467.2	1910	113
NC_003467.2	1911	109
NC_003467.2	1912	104
NC_003467.2	1913	103
NC_003467.2	1914	103
NC_003467.2	1915	104
NC_003467.2	1916	105
NC_003467.2	1917	107
NC_003467.2	1918	107
NC_003467.2	1919	103
NC_003467.2	1920	103
NC_003467.2	1921	102
NC_003467.2	1922	102
NC_003467.2	1923	102
NC_003467.2	1924	102
NC_003467.2	1925	100
NC_003467.2	1926	102
NC_003467.2	1927	102
NC_003467.2	1928	102
NC_003467.2	1929	102
NC_003467.2	1930	102
NC_003467.2	1931	102
NC_003467.2	1932	102
NC_003467.2	1933	106
NC_003467.2	1934	106
NC_003467.2	1935	100
NC_003467.2	1936	100
NC_003467.2	1937	104
NC_003467.2	1938	106
NC_003467.2	1939	106
NC_003467.2	1940	108
NC_003467.2	1941	111
NC_003467.2	1942	111
NC_003467.2	1943	110
NC_003467.2	1944	108
NC_003467.2	1945	108
NC_003467.2	1946	108
NC_003467.2	1947	110
NC_003467.2	1948	114
NC_003467.2	1949	114
NC_003467.2	1950	114
NC_003467.2	1951	112
NC_003467.2	1952	112
NC_003467.2	1953	114
NC_003467.2	1954	114
NC_003467.2	1955	114
NC_003467.2	1956	114
NC_003467.2	1957	112
NC_003467.2	1958	110
NC_003467.2	1959	111
NC_003467.2	1960	111
NC_003467.2	1961	110
NC_003467.2	1962	110
NC_003467.2	1963	113
NC_003467.2	1964	113
NC_003467.2	1965	113
NC_003467.2	1966	114
NC_003467.2	1967	115
NC_003467.2	1968	116
NC_003467.2	1969	111
NC_003467.2	1970	110
NC_003467.2	1971	110
NC_003467.2	1972	110
NC_003467.2	1973	110
NC_003467.2	1974	110
NC_003467.2	1975	106
NC_003467.2	1976	108
NC_003467.2	1977	108
NC_003467.2	1978	108
NC_003467.2	1979	108
NC_003467.2	1980	107
NC_003467.2	1981	107
NC_003467.2	1982	107
NC_003467.2	1983	106
NC_003467.2	1984	106
NC_003467.2	1985	105
NC_003467.2	1986	105
NC_003467.2	1987	105
NC_003467.2	1988	106
NC_003467.2	1989	106
NC_003467.2	1990	104
NC_003467.2	1991	104
NC_003467.2	1992	104
NC_003467.2	1993	104
NC_003467.2	1994	105
NC_003467.2	1995	105
NC_003467.2	1996	105
NC_003467.2	1997	106
NC_003467.2	1998	106
NC_003467.2	1999	110
NC_003467.2	2000	110
NC_003467.2	2001	111
NC_003467.2	2002	110
NC_003467.2	2003	110
NC_003467.2	2004	106
NC_003467.2	2005	106
NC_003467.2	2006	106
NC_003467.2	2007	106
NC_003467.2	2008	106
NC_003467.2	2009	108
NC_003467.2	2010	106
NC_003467.2	2011	112
NC_003467.2	2012	112
NC_003467.2	2013	112
NC_003467.2	2014	112
NC_003467.2	2015	112
NC_003467.2	2016	105
NC_003467.2	2017	105
NC_003467.2	2018	105
NC_003467.2	2019	105
NC_003467.2	2020	105
NC_003467.2	2021	105
NC_003467.2	2022	104
NC_003467.2	2023	104
NC_003467.2	2024	104
NC_003467.2	2025	104
NC_003467.2	2026	104
NC_003467.2	2027	104
NC_003467.2	2028	103
NC_003467.2	2029	100
NC_003467.2	2030	113
NC_003467.2	2031	114
NC_003467.2	2032	114
NC_003467.2	2033	114
NC_003467.2	2034	114
NC_003467.2	2035	114
NC_003467.2	2036	114
NC_003467.2	2037	114
NC_003467.2	2038	114
NC_003467.2	2039	114
NC_003467.2	2040	109
NC_003467.2	2041	110
NC_003467.2	2042	110
NC_003467.2	2043	110
NC_003467.2	2044	102
NC_003467.2	2045	102
NC_003467.2	2046	102
NC_003467.2	2047	102
NC_003467.2	2048	103
NC_003467.2	2049	104
NC_003467.2	2050	104
NC_003467.2	2051	104
NC_003467.2	2052	104
NC_003467.2	2053	104
NC_003467.2	2054	104
NC_003467.2	2055	102
NC_003467.2	2056	104
NC_003467.2	2057	102
NC_003467.2	2058	102
NC_003467.2	2059	102
NC_003467.2	2060	103
NC_003467.2	2061	103
NC_003467.2	2062	103
NC_003467.2	2063	103
NC_003467.2	2064	103
NC_003467.2	2065	103
NC_003467.2	2066	103
NC_003467.2	2067	103
NC_003467.2	2068	104
NC_003467.2	2069	104
NC_003467.2	2070	104
NC_003467.2	2071	101
NC_003467.2	2072	101
NC_003467.2	2073	101
NC_003467.2	2074	101
NC_003467.2	2075	100
NC_003467.2	2076	100
NC_003467.2	2077	91
NC_003467.2	2078	91
NC_003467.2	2079	91
NC_003467.2	2080	92
NC_003467.2	2081	92
NC_003467.2	2082	92
NC_003467.2	2083	92
NC_003467.2	2084	93
NC_003467.2	2085	93
NC_003467.2	2086	97
NC_003467.2	2087	97
NC_003467.2	2088	97
NC_003467.2	2089	97
NC_003467.2	2090	97
NC_003467.2	2091	97
NC_003467.2	2092	97
NC_003467.2	2093	97
NC_003467.2	2094	97
NC_003467.2	2095	99
NC_003467.2	2096	98
NC_003467.2	2097	100
NC_003467.2	2098	98
NC_003467.2	2099	98
NC_003467.2	2100	98
NC_003467.2	2101	98
NC_003467.2	2102	98
NC_003467.2	2103	98
NC_003467.2	2104	98
NC_003467.2	2105	98
NC_003467.2	2106	98
NC_003467.2	2107	98
NC_003467.2	2108	98
NC_003467.2	2109	100
NC_003467.2	2110	99
NC_003467.2	2111	99
NC_003467.2	2112	99
NC_003467.2	2113	99
NC_003467.2	2114	99
NC_003467.2	2115	98
NC_003467.2	2116	95
NC_003467.2	2117	95
NC_003467.2	2118	92
NC_003467.2	2119	92
NC_003467.2	2120	88
NC_003467.2	2121	87
NC_003467.2	2122	86
NC_003467.2	2123	88
NC_003467.2	2124	88
NC_003467.2	2125	78
NC_003467.2	2126	78
NC_003467.2	2127	76
NC_003467.2	2128	76
NC_003467.2	2129	76
NC_003467.2	2130	76
NC_003467.2	2131	76
NC_003467.2	2132	76
NC_003467.2	2133	76
NC_003467.2	2134	76
NC_003467.2	2135	76
NC_003467.2	2136	76
NC_003467.2	2137	76
NC_003467.2	2138	76
NC_003467.2	2139	76
NC_003467.2	2140	74
NC_003467.2	2141	75
NC_003467.2	2142	75
NC_003467.2	2143	75
NC_003467.2	2144	71
NC_003467.2	2145	71
NC_003467.2	2146	70
NC_003467.2	2147	70
NC_003467.2	2148	69
NC_003467.2	2149	70
NC_003467.2	2150	71
NC_003467.2	2151	68
NC_003467.2	2152	68
NC_003467.2	2153	66
NC_003467.2	2154	62
NC_003467.2	2155	61
NC_003467.2	2156	50
NC_003467.2	2157	54
NC_003467.2	2158	52
NC_003467.2	2159	52
NC_003467.2	2160	52
NC_003467.2	2161	53
NC_003467.2	2162	53
NC_003467.2	2163	53
NC_003467.2	2164	53
NC_003467.2	2165	53
NC_003467.2	2166	53
NC_003467.2	2167	53
NC_003467.2	2168	53
NC_003467.2	2169	53
NC_003467.2	2170	53
NC_003467.2	2171	53
NC_003467.2	2172	53
NC_003467.2	2173	53
NC_003467.2	2174	53
NC_003467.2	2175	53
NC_003467.2	2176	54
NC_003467.2	2177	54
NC_003467.2	2178	54
NC_003467.2	2179	54
NC_003467.2	2180	54
NC_003467.2	2181	54
NC_003467.2	2182	54
NC_003467.2	2183	54
NC_003467.2	2184	54
NC_003467.2	2185	54
NC_003467.2	2186	54
NC_003467.2	2187	54
NC_003467.2	2188	54
NC_003467.2	2189	54
NC_003467.2	2190	54
NC_003467.2	2191	54
NC_003467.2	2192	53
NC_003467.2	2193	53
NC_003467.2	2194	53
NC_003467.2	2195	53
NC_003467.2	2196	53
NC_003467.2	2197	53
NC_003467.2	2198	53
NC_003467.2	2199	54
NC_003467.2	2200	54
NC_003467.2	2201	54
NC_003467.2	2202	50
NC_003467.2	2203	52
NC_003467.2	2204	52
NC_003467.2	2205	52
NC_003467.2	2206	54
NC_003467.2	2207	54
NC_003467.2	2208	54
NC_003467.2	2209	54
NC_003467.2	2210	54
NC_003467.2	2211	54
NC_003467.2	2212	54
NC_003467.2	2213	54
NC_003467.2	2214	54
NC_003467.2	2215	54
NC_003467.2	2216	54
NC_003467.2	2217	54
NC_003467.2	2218	56
NC_003467.2	2219	58
NC_003467.2	2220	58
NC_003467.2	2221	58
NC_003467.2	2222	56
NC_003467.2	2223	56
NC_003467.2	2224	56
NC_003467.2	2225	56
NC_003467.2	2226	56
NC_003467.2	2227	56
NC_003467.2	2228	52
NC_003467.2	2229	52
NC_003467.2	2230	52
NC_003467.2	2231	52
NC_003467.2	2232	52
NC_003467.2	2233	52
NC_003467.2	2234	52
NC_003467.2	2235	51
NC_003467.2	2236	51
NC_003467.2	2237	50
NC_003467.2	2238	53
NC_003467.2	2239	53
NC_003467.2	2240	51
NC_003467.2	2241	51
NC_003467.2	2242	50
NC_003467.2	2243	50
NC_003467.2	2244	52
NC_003467.2	2245	52
NC_003467.2	2246	52
NC_003467.2	2247	52
NC_003467.2	2248	52
NC_003467.2	2249	50
NC_003467.2	2250	50
NC_003467.2	2251	50
NC_003467.2	2252	50
NC_003467.2	2253	48
NC_003467.2	2254	48
NC_003467.2	2255	48
NC_003467.2	2256	48
NC_003467.2	2257	48
NC_003467.2	2258	48
NC_003467.2	2259	48
NC_003467.2	2260	50
NC_003467.2	2261	50
NC_003467.2	2262	51
NC_003467.2	2263	49
NC_003467.2	2264	51
NC_003467.2	2265	51
NC_003467.2	2266	51
NC_003467.2	2267	51
NC_003467.2	2268	50
NC_003467.2	2269	50
NC_003467.2	2270	50
NC_003467.2	2271	46
NC_003467.2	2272	46
NC_003467.2	2273	46
NC_003467.2	2274	46
NC_003467.2	2275	46
NC_003467.2	2276	46
NC_003467.2	2277	46
NC_003467.2	2278	46
NC_003467.2	2279	44
NC_003467.2	2280	46
NC_003467.2	2281	44
NC_003467.2	2282	44
NC_003467.2	2283	44
NC_003467.2	2284	44
NC_003467.2	2285	46
NC_003467.2	2286	46
NC_003467.2	2287	46
NC_003467.2	2288	46
NC_003467.2	2289	46
NC_003467.2	2290	48
NC_003467.2	2291	52
NC_003467.2	2292	52
NC_003467.2	2293	52
NC_003467.2	2294	52
NC_003467.2	2295	51
NC_003467.2	2296	51
NC_003467.2	2297	51
NC_003467.2	2298	50
NC_003467.2	2299	50
NC_003467.2	2300	50
NC_003467.2	2301	50
NC_003467.2	2302	50
NC_003467.2	2303	50
NC_003467.2	2304	51
NC_003467.2	2305	51
NC_003467.2	2306	51
NC_003467.2	2307	51
NC_003467.2	2308	51
NC_003467.2	2309	51
NC_003467.2	2310	51
NC_003467.2	2311	51
NC_003467.2	2312	51
NC_003467.2	2313	51
NC_003467.2	2314	51
NC_003467.2	2315	51
NC_003467.2	2316	51
NC_003467.2	2317	51
NC_003467.2	2318	51
NC_003467.2	2319	51
NC_003467.2	2320	51
NC_003467.2	2321	51
NC_003467.2	2322	51
NC_003467.2	2323	51
NC_003467.2	2324	51
NC_003467.2	2325	51
NC_003467.2	2326	51
NC_003467.2	2327	51
NC_003467.2	2328	51
NC_003467.2	2329	51
NC_003467.2	2330	51
NC_003467.2	2331	50
NC_003467.2	2332	50
NC_003467.2	2333	50
NC_003467.2	2334	56
NC_003467.2	2335	56
NC_003467.2	2336	56
NC_003467.2	2337	56
NC_003467.2	2338	56
NC_003467.2	2339	56
NC_003467.2	2340	56
NC_003467.2	2341	60
NC_003467.2	2342	60
NC_003467.2	2343	60
NC_003467.2	2344	62
NC_003467.2	2345	62
NC_003467.2	2346	62
NC_003467.2	2347	58
NC_003467.2	2348	58
NC_003467.2	2349	58
NC_003467.2	2350	58
NC_003467.2	2351	58
NC_003467.2	2352	58
NC_003467.2	2353	58
NC_003467.2	2354	58
NC_003467.2	2355	58
NC_003467.2	2356	58
NC_003467.2	2357	59
NC_003467.2	2358	59
NC_003467.2	2359	59
NC_003467.2	2360	59
NC_003467.2	2361	59
NC_003467.2	2362	59
NC_003467.2	2363	59
NC_003467.2	2364	59
NC_003467.2	2365	59
NC_003467.2	2366	57
NC_003467.2	2367	57
NC_003467.2	2368	56
NC_003467.2	2369	58
NC_003467.2	2370	58
NC_003467.2	2371	58
NC_003467.2	2372	58
NC_003467.2	2373	58
NC_003467.2	2374	58
NC_003467.2	2375	58
NC_003467.2	2376	56
NC_003467.2	2377	56
NC_003467.2	2378	54
NC_003467.2	2379	54
NC_003467.2	2380	54
NC_003467.2	2381	53
NC_003467.2	2382	53
NC_003467.2	2383	53
NC_003467.2	2384	53
NC_003467.2	2385	52
NC_003467.2	2386	53
NC_003467.2	2387	55
NC_003467.2	2388	55
NC_003467.2	2389	55
NC_003467.2	2390	55
NC_003467.2	2391	55
NC_003467.2	2392	56
NC_003467.2	2393	56
NC_003467.2	2394	52
NC_003467.2	2395	50
NC_003467.2	2396	48
NC_003467.2	2397	48
NC_003467.2	2398	48
NC_003467.2	2399	46
NC_003467.2	2400	46
NC_003467.2	2401	46
NC_003467.2	2402	46
NC_003467.2	2403	44
NC_003467.2	2404	42
NC_003467.2	2405	42
NC_003467.2	2406	42
NC_003467.2	2407	42
NC_003467.2	2408	42
NC_003467.2	2409	42
NC_003467.2	2410	42
NC_003467.2	2411	42
NC_003467.2	2412	42
NC_003467.2	2413	42
NC_003467.2	2414	42
NC_003467.2	2415	42
NC_003467.2	2416	42
NC_003467.2	2417	42
NC_003467.2	2418	42
NC_003467.2	2419	41
NC_003467.2	2420	41
NC_003467.2	2421	41
NC_003467.2	2422	41
NC_003467.2	2423	41
NC_003467.2	2424	41
NC_003467.2	2425	41
NC_003467.2	2426	41
NC_003467.2	2427	41
NC_003467.2	2428	41
NC_003467.2	2429	40
NC_003467.2	2430	41
NC_003467.2	2431	41
NC_003467.2	2432	41
NC_003467.2	2433	41
NC_003467.2	2434	41
NC_003467.2	2435	42
NC_003467.2	2436	42
NC_003467.2	2437	43
NC_003467.2	2438	43
NC_003467.2	2439	43
NC_003467.2	2440	43
NC_003467.2	2441	43
NC_003467.2	2442	43
NC_003467.2	2443	43
NC_003467.2	2444	43
NC_003467.2	2445	43
NC_003467.2	2446	36
NC_003467.2	2447	36
NC_003467.2	2448	36
NC_003467.2	2449	36
NC_003467.2	2450	34
NC_003467.2	2451	34
NC_003467.2	2452	33
NC_003467.2	2453	35
NC_003467.2	2454	35
NC_003467.2	2455	35
NC_003467.2	2456	35
NC_003467.2	2457	35
NC_003467.2	2458	35
NC_003467.2	2459	35
NC_003467.2	2460	35
NC_003467.2	2461	35
NC_003467.2	2462	35
NC_003467.2	2463	35
NC_003467.2	2464	33
NC_003467.2	2465	33
NC_003467.2	2466	32
NC_003467.2	2467	32
NC_003467.2	2468	32
NC_003467.2	2469	32
NC_003467.2	2470	32
NC_003467.2	2471	32
NC_003467.2	2472	32
NC_003467.2	2473	32
NC_003467.2	2474	28
NC_003467.2	2475	28
NC_003467.2	2476	28
NC_003467.2	2477	28
NC_003467.2	2478	28
NC_003467.2	2479	28
NC_003467.2	2480	28
NC_003467.2	2481	26
NC_003467.2	2482	28
NC_003467.2	2483	28
NC_003467.2	2484	28
NC_003467.2	2485	28
NC_003467.2	2486	28
NC_003467.2	2487	28
NC_003467.2	2488	28
NC_003467.2	2489	28
NC_003467.2	2490	28
NC_003467.2	2491	24
NC_003467.2	2492	24
NC_003467.2	2493	24
NC_003467.2	2494	24
NC_003467.2	2495	24
NC_003467.2	2496	24
NC_003467.2	2497	24
NC_003467.2	2498	24
NC_003467.2	2499	24
NC_003467.2	2500	23
NC_003467.2	2501	23
NC_003467.2	2502	23
NC_003467.2	2503	23
NC_003467.2	2504	23
NC_003467.2	2505	23
NC_003467.2	2506	23
NC_003467.2	2507	23
NC_003467.2	2508	23
NC_003467.2	2509	23
NC_003467.2	2510	23
NC_003467.2	2511	23
NC_003467.2	2512	23
NC_003467.2	2513	23
NC_003467.2	2514	23
NC_003467.2	2515	23
NC_003467.2	2516	23
NC_003467.2	2517	23
NC_003467.2	2518	23
NC_003467.2	2519	23
NC_003467.2	2520	23
NC_003467.2	2521	23
NC_003467.2	2522	23
NC_003467.2	2523	23
NC_003467.2	2524	23
NC_003467.2	2525	23
NC_003467.2	2526	25
NC_003467.2	2527	25
NC_003467.2	2528	25
NC_003467.2	2529	25
NC_003467.2	2530	25
NC_003467.2	2531	27
NC_003467.2	2532	27
NC_003467.2	2533	27
NC_003467.2	2534	27
NC_003467.2	2535	27
NC_003467.2	2536	29
NC_003467.2	2537	29
NC_003467.2	2538	29
NC_003467.2	2539	30
NC_003467.2	2540	24
NC_003467.2	2541	26
NC_003467.2	2542	26
NC_003467.2	2543	28
NC_003467.2	2544	28
NC_003467.2	2545	30
NC_003467.2	2546	30
NC_003467.2	2547	30
NC_003467.2	2548	30
NC_003467.2	2549	30
NC_003467.2	2550	30
NC_003467.2	2551	33
NC_003467.2	2552	33
NC_003467.2	2553	33
NC_003467.2	2554	33
NC_003467.2	2555	40
NC_003467.2	2556	40
NC_003467.2	2557	40
NC_003467.2	2558	41
NC_003467.2	2559	41
NC_003467.2	2560	43
NC_003467.2	2561	39
NC_003467.2	2562	39
NC_003467.2	2563	38
NC_003467.2	2564	38
NC_003467.2	2565	38
NC_003467.2	2566	38
NC_003467.2	2567	38
NC_003467.2	2568	38
NC_003467.2	2569	40
NC_003467.2	2570	42
NC_003467.2	2571	42
NC_003467.2	2572	42
NC_003467.2	2573	42
NC_003467.2	2574	42
NC_003467.2	2575	43
NC_003467.2	2576	43
NC_003467.2	2577	43
NC_003467.2	2578	43
NC_003467.2	2579	43
NC_003467.2	2580	43
NC_003467.2	2581	43
NC_003467.2	2582	43
NC_003467.2	2583	43
NC_003467.2	2584	43
NC_003467.2	2585	43
NC_003467.2	2586	43
NC_003467.2	2587	43
NC_003467.2	2588	43
NC_003467.2	2589	43
NC_003467.2	2590	43
NC_003467.2	2591	43
NC_003467.2	2592	43
NC_003467.2	2593	43
NC_003467.2	2594	43
NC_003467.2	2595	43
NC_003467.2	2596	43
NC_003467.2	2597	42
NC_003467.2	2598	42
NC_003467.2	2599	42
NC_003467.2	2600	42
NC_003467.2	2601	42
NC_003467.2	2602	42
NC_003467.2	2603	42
NC_003467.2	2604	42
NC_003467.2	2605	40
NC_003467.2	2606	40
NC_003467.2	2607	40
NC_003467.2	2608	40
NC_003467.2	2609	40
NC_003467.2	2610	40
NC_003467.2	2611	40
NC_003467.2	2612	40
NC_003467.2	2613	40
NC_003467.2	2614	40
NC_003467.2	2615	40
NC_003467.2	2616	40
NC_003467.2	2617	40
NC_003467.2	2618	40
NC_003467.2	2619	40
NC_003467.2	2620	41
NC_003467.2	2621	41
NC_003467.2	2622	41
NC_003467.2	2623	41
NC_003467.2	2624	41
NC_003467.2	2625	41
NC_003467.2	2626	41
NC_003467.2	2627	41
NC_003467.2	2628	41
NC_003467.2	2629	41
NC_003467.2	2630	41
NC_003467.2	2631	41
NC_003467.2	2632	41
NC_003467.2	2633	50
NC_003467.2	2634	48
NC_003467.2	2635	49
NC_003467.2	2636	49
NC_003467.2	2637	49
NC_003467.2	2638	51
NC_003467.2	2639	51
NC_003467.2	2640	51
NC_003467.2	2641	51
NC_003467.2	2642	49
NC_003467.2	2643	49
NC_003467.2	2644	49
NC_003467.2	2645	50
NC_003467.2	2646	50
NC_003467.2	2647	50
NC_003467.2	2648	50
NC_003467.2	2649	50
NC_003467.2	2650	50
NC_003467.2	2651	50
NC_003467.2	2652	48
NC_003467.2	2653	48
NC_003467.2	2654	48
NC_003467.2	2655	48
NC_003467.2	2656	48
NC_003467.2	2657	47
NC_003467.2	2658	47
NC_003467.2	2659	47
NC_003467.2	2660	47
NC_003467.2	2661	47
NC_003467.2	2662	46
NC_003467.2	2663	46
NC_003467.2	2664	46
NC_003467.2	2665	48
NC_003467.2	2666	48
NC_003467.2	2667	48
NC_003467.2	2668	48
NC_003467.2	2669	48
NC_003467.2	2670	48
NC_003467.2	2671	48
NC_003467.2	2672	48
NC_003467.2	2673	50
NC_003467.2	2674	50
NC_003467.2	2675	50
NC_003467.2	2676	48
NC_003467.2	2677	49
NC_003467.2	2678	49
NC_003467.2	2679	49
NC_003467.2	2680	49
NC_003467.2	2681	47
NC_003467.2	2682	47
NC_003467.2	2683	47
NC_003467.2	2684	47
NC_003467.2	2685	47
NC_003467.2	2686	47
NC_003467.2	2687	47
NC_003467.2	2688	47
NC_003467.2	2689	47
NC_003467.2	2690	47
NC_003467.2	2691	46
NC_003467.2	2692	46
NC_003467.2	2693	46
NC_003467.2	2694	46
NC_003467.2	2695	48
NC_003467.2	2696	47
NC_003467.2	2697	46
NC_003467.2	2698	46
NC_003467.2	2699	47
NC_003467.2	2700	47
NC_003467.2	2701	46
NC_003467.2	2702	46
NC_003467.2	2703	46
NC_003467.2	2704	46
NC_003467.2	2705	46
NC_003467.2	2706	46
NC_003467.2	2707	46
NC_003467.2	2708	46
NC_003467.2	2709	47
NC_003467.2	2710	41
NC_003467.2	2711	41
NC_003467.2	2712	41
NC_003467.2	2713	41
NC_003467.2	2714	41
NC_003467.2	2715	41
NC_003467.2	2716	43
NC_003467.2	2717	43
NC_003467.2	2718	43
NC_003467.2	2719	43
NC_003467.2	2720	39
NC_003467.2	2721	39
NC_003467.2	2722	39
NC_003467.2	2723	39
NC_003467.2	2724	39
NC_003467.2	2725	39
NC_003467.2	2726	39
NC_003467.2	2727	39
NC_003467.2	2728	39
NC_003467.2	2729	39
NC_003467.2	2730	35
NC_003467.2	2731	35
NC_003467.2	2732	35
NC_003467.2	2733	35
NC_003467.2	2734	36
NC_003467.2	2735	36
NC_003467.2	2736	36
NC_003467.2	2737	36
NC_003467.2	2738	36
NC_003467.2	2739	32
NC_003467.2	2740	32
NC_003467.2	2741	32
NC_003467.2	2742	32
NC_003467.2	2743	32
NC_003467.2	2744	32
NC_003467.2	2745	30
NC_003467.2	2746	30
NC_003467.2	2747	30
NC_003467.2	2748	30
NC_003467.2	2749	30
NC_003467.2	2750	30
NC_003467.2	2751	30
NC_003467.2	2752	30
NC_003467.2	2753	33
NC_003467.2	2754	33
NC_003467.2	2755	33
NC_003467.2	2756	33
NC_003467.2	2757	33
NC_003467.2	2758	33
NC_003467.2	2759	33
NC_003467.2	2760	33
NC_003467.2	2761	33
NC_003467.2	2762	33
NC_003467.2	2763	35
NC_003467.2	2764	35
NC_003467.2	2765	35
NC_003467.2	2766	35
NC_003467.2	2767	35
NC_003467.2	2768	35
NC_003467.2	2769	35
NC_003467.2	2770	35
NC_003467.2	2771	35
NC_003467.2	2772	35
NC_003467.2	2773	37
NC_003467.2	2774	37
NC_003467.2	2775	37
NC_003467.2	2776	37
NC_003467.2	2777	35
NC_003467.2	2778	35
NC_003467.2	2779	35
NC_003467.2	2780	35
NC_003467.2	2781	33
NC_003467.2	2782	29
NC_003467.2	2783	29
NC_003467.2	2784	29
NC_003467.2	2785	29
NC_003467.2	2786	29
NC_003467.2	2787	29
NC_003467.2	2788	29
NC_003467.2	2789	31
NC_003467.2	2790	31
NC_003467.2	2791	31
NC_003467.2	2792	31
NC_003467.2	2793	29
NC_003467.2	2794	31
NC_003467.2	2795	31
NC_003467.2	2796	35
NC_003467.2	2797	35
NC_003467.2	2798	31
NC_003467.2	2799	31
NC_003467.2	2800	31
NC_003467.2	2801	31
NC_003467.2	2802	31
NC_003467.2	2803	31
NC_003467.2	2804	31
NC_003467.2	2805	31
NC_003467.2	2806	31
NC_003467.2	2807	31
NC_003467.2	2808	31
NC_003467.2	2809	31
NC_003467.2	2810	31
NC_003467.2	2811	31
NC_003467.2	2812	31
NC_003467.2	2813	31
NC_003467.2	2814	31
NC_003467.2	2815	31
NC_003467.2	2816	31
NC_003467.2	2817	31
NC_003467.2	2818	31
NC_003467.2	2819	31
NC_003467.2	2820	31
NC_003467.2	2821	31
NC_003467.2	2822	31
NC_003467.2	2823	31
NC_003467.2	2824	30
NC_003467.2	2825	30
NC_003467.2	2826	30
NC_003467.2	2827	30
NC_003467.2	2828	30
NC_003467.2	2829	30
NC_003467.2	2830	30
NC_003467.2	2831	30
NC_003467.2	2832	30
NC_003467.2	2833	30
NC_003467.2	2834	30
NC_003467.2	2835	30
NC_003467.2	2836	30
NC_003467.2	2837	30
NC_003467.2	2838	30
NC_003467.2	2839	30
NC_003467.2	2840	30
NC_003467.2	2841	30
NC_003467.2	2842	30
NC_003467.2	2843	30
NC_003467.2	2844	30
NC_003467.2	2845	30
NC_003467.2	2846	30
NC_003467.2	2847	30
NC_003467.2	2848	30
NC_003467.2	2849	28
NC_003467.2	2850	28
NC_003467.2	2851	27
NC_003467.2	2852	27
NC_003467.2	2853	27
NC_003467.2	2854	27
NC_003467.2	2855	27
NC_003467.2	2856	27
NC_003467.2	2857	27
NC_003467.2	2858	27
NC_003467.2	2859	26
NC_003467.2	2860	26
NC_003467.2	2861	26
NC_003467.2	2862	26
NC_003467.2	2863	26
NC_003467.2	2864	28
NC_003467.2	2865	28
NC_003467.2	2866	28
NC_003467.2	2867	28
NC_003467.2	2868	28
NC_003467.2	2869	28
NC_003467.2	2870	28
NC_003467.2	2871	28
NC_003467.2	2872	28
NC_003467.2	2873	28
NC_003467.2	2874	28
NC_003467.2	2875	28
NC_003467.2	2876	28
NC_003467.2	2877	28
NC_003467.2	2878	28
NC_003467.2	2879	28
NC_003467.2	2880	28
NC_003467.2	2881	28
NC_003467.2	2882	28
NC_003467.2	2883	28
NC_003467.2	2884	28
NC_003467.2	2885	28
NC_003467.2	2886	28
NC_003467.2	2887	28
NC_003467.2	2888	28
NC_003467.2	2889	28
NC_003467.2	2890	28
NC_003467.2	2891	28
NC_003467.2	2892	28
NC_003467.2	2893	28
NC_003467.2	2894	26
NC_003467.2	2895	26
NC_003467.2	2896	26
NC_003467.2	2897	26
NC_003467.2	2898	24
NC_003467.2	2899	24
NC_003467.2	2900	24
NC_003467.2	2901	24
NC_003467.2	2902	24
NC_003467.2	2903	24
NC_003467.2	2904	24
NC_003467.2	2905	24
NC_003467.2	2906	24
NC_003467.2	2907	26
NC_003467.2	2908	26
NC_003467.2	2909	28
NC_003467.2	2910	28
NC_003467.2	2911	28
NC_003467.2	2912	28
NC_003467.2	2913	28
NC_003467.2	2914	28
NC_003467.2	2915	28
NC_003467.2	2916	28
NC_003467.2	2917	28
NC_003467.2	2918	28
NC_003467.2	2919	28
NC_003467.2	2920	28
NC_003467.2	2921	28
NC_003467.2	2922	28
NC_003467.2	2923	28
NC_003467.2	2924	30
NC_003467.2	2925	30
NC_003467.2	2926	30
NC_003467.2	2927	30
NC_003467.2	2928	30
NC_003467.2	2929	28
NC_003467.2	2930	27
NC_003467.2	2931	27
NC_003467.2	2932	27
NC_003467.2	2933	27
NC_003467.2	2934	26
NC_003467.2	2935	26
NC_003467.2	2936	24
NC_003467.2	2937	24
NC_003467.2	2938	24
NC_003467.2	2939	24
NC_003467.2	2940	24
NC_003467.2	2941	24
NC_003467.2	2942	24
NC_003467.2	2943	24
NC_003467.2	2944	24
NC_003467.2	2945	24
NC_003467.2	2946	26
NC_003467.2	2947	26
NC_003467.2	2948	26
NC_003467.2	2949	26
NC_003467.2	2950	26
NC_003467.2	2951	26
NC_003467.2	2952	26
NC_003467.2	2953	26
NC_003467.2	2954	28
NC_003467.2	2955	28
NC_003467.2	2956	28
NC_003467.2	2957	26
NC_003467.2	2958	26
NC_003467.2	2959	26
NC_003467.2	2960	26
NC_003467.2	2961	26
NC_003467.2	2962	26
NC_003467.2	2963	26
NC_003467.2	2964	26
NC_003467.2	2965	26
NC_003467.2	2966	26
NC_003467.2	2967	26
NC_003467.2	2968	26
NC_003467.2	2969	26
NC_003467.2	2970	24
NC_003467.2	2971	24
NC_003467.2	2972	23
NC_003467.2	2973	23
NC_003467.2	2974	24
NC_003467.2	2975	24
NC_003467.2	2976	23
NC_003467.2	2977	23
NC_003467.2	2978	23
NC_003467.2	2979	23
NC_003467.2	2980	23
NC_003467.2	2981	23
NC_003467.2	2982	23
NC_003467.2	2983	23
NC_003467.2	2984	23
NC_003467.2	2985	23
NC_003467.2	2986	23
NC_003467.2	2987	23
NC_003467.2	2988	23
NC_003467.2	2989	22
NC_003467.2	2990	22
NC_003467.2	2991	22
NC_003467.2	2992	22
NC_003467.2	2993	22
NC_003467.2	2994	22
NC_003467.2	2995	22
NC_003467.2	2996	22
NC_003467.2	2997	22
NC_003467.2	2998	22
NC_003467.2	2999	20
NC_003467.2	3000	20
NC_003467.2	3001	20
NC_003467.2	3002	20
NC_003467.2	3003	20
NC_003467.2	3004	20
NC_003467.2	3005	20
NC_003467.2	3006	20
NC_003467.2	3007	20
NC_003467.2	3008	20
NC_003467.2	3009	17
NC_003467.2	3010	17
NC_003467.2	3011	17
NC_003467.2	3012	17
NC_003467.2	3013	33
NC_003467.2	3014	37
NC_003467.2	3015	33
NC_003467.2	3016	33
NC_003467.2	3017	33
NC_003467.2	3018	33
NC_003467.2	3019	35
NC_003467.2	3020	46
NC_003467.2	3021	46
NC_003467.2	3022	46
NC_003467.2	3023	46
NC_003467.2	3024	47
NC_003467.2	3025	47
NC_003467.2	3026	47
NC_003467.2	3027	47
NC_003467.2	3028	49
NC_003467.2	3029	49
NC_003467.2	3030	54
NC_003467.2	3031	54
NC_003467.2	3032	54
NC_003467.2	3033	55
NC_003467.2	3034	56
NC_003467.2	3035	56
NC_003467.2	3036	56
NC_003467.2	3037	54
NC_003467.2	3038	54
NC_003467.2	3039	53
NC_003467.2	3040	53
NC_003467.2	3041	53
NC_003467.2	3042	53
NC_003467.2	3043	53
NC_003467.2	3044	81
NC_003467.2	3045	81
NC_003467.2	3046	82
NC_003467.2	3047	82
NC_003467.2	3048	82
NC_003467.2	3049	82
NC_003467.2	3050	82
NC_003467.2	3051	82
NC_003467.2	3052	82
NC_003467.2	3053	79
NC_003467.2	3054	81
NC_003467.2	3055	77
NC_003467.2	3056	77
NC_003467.2	3057	77
NC_003467.2	3058	77
NC_003467.2	3059	77
NC_003467.2	3060	77
NC_003467.2	3061	79
NC_003467.2	3062	81
NC_003467.2	3063	79
NC_003467.2	3064	79
NC_003467.2	3065	79
NC_003467.2	3066	79
NC_003467.2	3067	79
NC_003467.2	3068	79
NC_003467.2	3069	79
NC_003467.2	3070	81
NC_003467.2	3071	81
NC_003467.2	3072	81
NC_003467.2	3073	81
NC_003467.2	3074	88
NC_003467.2	3075	90
NC_003467.2	3076	90
NC_003467.2	3077	90
NC_003467.2	3078	90
NC_003467.2	3079	90
NC_003467.2	3080	90
NC_003467.2	3081	90
NC_003467.2	3082	90
NC_003467.2	3083	88
NC_003467.2	3084	90
NC_003467.2	3085	90
NC_003467.2	3086	90
NC_003467.2	3087	92
NC_003467.2	3088	93
NC_003467.2	3089	93
NC_003467.2	3090	93
NC_003467.2	3091	94
NC_003467.2	3092	94
NC_003467.2	3093	97
NC_003467.2	3094	105
NC_003467.2	3095	105
NC_003467.2	3096	105
NC_003467.2	3097	111
NC_003467.2	3098	111
NC_003467.2	3099	128
NC_003467.2	3100	129
NC_003467.2	3101	131
NC_003467.2	3102	131
NC_003467.2	3103	131
NC_003467.2	3104	133
NC_003467.2	3105	133
NC_003467.2	3106	133
NC_003467.2	3107	137
NC_003467.2	3108	128
NC_003467.2	3109	128
NC_003467.2	3110	126
NC_003467.2	3111	126
NC_003467.2	3112	126
NC_003467.2	3113	126
NC_003467.2	3114	126
NC_003467.2	3115	127
NC_003467.2	3116	128
NC_003467.2	3117	128
NC_003467.2	3118	128
NC_003467.2	3119	130
NC_003467.2	3120	130
NC_003467.2	3121	131
NC_003467.2	3122	131
NC_003467.2	3123	131
NC_003467.2	3124	131
NC_003467.2	3125	135
NC_003467.2	3126	135
NC_003467.2	3127	135
NC_003467.2	3128	135
NC_003467.2	3129	135
NC_003467.2	3130	125
NC_003467.2	3131	125
NC_003467.2	3132	126
NC_003467.2	3133	126
NC_003467.2	3134	130
NC_003467.2	3135	138
NC_003467.2	3136	138
NC_003467.2	3137	138
NC_003467.2	3138	138
NC_003467.2	3139	138
NC_003467.2	3140	137
NC_003467.2	3141	137
NC_003467.2	3142	137
NC_003467.2	3143	139
NC_003467.2	3144	133
NC_003467.2	3145	142
NC_003467.2	3146	142
NC_003467.2	3147	141
NC_003467.2	3148	141
NC_003467.2	3149	141
NC_003467.2	3150	141
NC_003467.2	3151	141
NC_003467.2	3152	141
NC_003467.2	3153	138
NC_003467.2	3154	138
NC_003467.2	3155	138
NC_003467.2	3156	142
NC_003467.2	3157	142
NC_003467.2	3158	142
NC_003467.2	3159	142
NC_003467.2	3160	142
NC_003467.2	3161	142
NC_003467.2	3162	142
NC_003467.2	3163	140
NC_003467.2	3164	140
NC_003467.2	3165	138
NC_003467.2	3166	139
NC_003467.2	3167	142
NC_003467.2	3168	142
NC_003467.2	3169	149
NC_003467.2	3170	149
NC_003467.2	3171	150
NC_003467.2	3172	150
NC_003467.2	3173	150
NC_003467.2	3174	148
NC_003467.2	3175	148
NC_003467.2	3176	148
NC_003467.2	3177	150
NC_003467.2	3178	148
NC_003467.2	3179	148
NC_003467.2	3180	148
NC_003467.2	3181	149
NC_003467.2	3182	149
NC_003467.2	3183	150
NC_003467.2	3184	156
NC_003467.2	3185	156
NC_003467.2	3186	156
NC_003467.2	3187	156
NC_003467.2	3188	156
NC_003467.2	3189	156
NC_003467.2	3190	156
NC_003467.2	3191	158
NC_003467.2	3192	158
NC_003467.2	3193	154
NC_003467.2	3194	154
NC_003467.2	3195	160
NC_003467.2	3196	160
NC_003467.2	3197	161
NC_003467.2	3198	161
NC_003467.2	3199	161
NC_003467.2	3200	162
NC_003467.2	3201	162
NC_003467.2	3202	162
NC_003467.2	3203	160
NC_003467.2	3204	160
NC_003467.2	3205	161
NC_003467.2	3206	160
NC_003467.2	3207	165
NC_003467.2	3208	163
NC_003467.2	3209	161
NC_003467.2	3210	161
NC_003467.2	3211	161
NC_003467.2	3212	161
NC_003467.2	3213	161
NC_003467.2	3214	161
NC_003467.2	3215	161
NC_003467.2	3216	161
NC_003467.2	3217	161
NC_003467.2	3218	161
NC_003467.2	3219	161
NC_003467.2	3220	161
NC_003467.2	3221	165
NC_003467.2	3222	166
NC_003467.2	3223	167
NC_003467.2	3224	168
NC_003467.2	3225	168
NC_003467.2	3226	168
NC_003467.2	3227	166
NC_003467.2	3228	167
NC_003467.2	3229	167
NC_003467.2	3230	167
NC_003467.2	3231	167
NC_003467.2	3232	167
NC_003467.2	3233	167
NC_003467.2	3234	163
NC_003467.2	3235	167
NC_003467.2	3236	167
NC_003467.2	3237	168
NC_003467.2	3238	168
NC_003467.2	3239	166
NC_003467.2	3240	162
NC_003467.2	3241	166
NC_003467.2	3242	166
NC_003467.2	3243	169
NC_003467.2	3244	176
NC_003467.2	3245	177
NC_003467.2	3246	177
NC_003467.2	3247	177
NC_003467.2	3248	177
NC_003467.2	3249	177
NC_003467.2	3250	170
NC_003467.2	3251	170
NC_003467.2	3252	168
NC_003467.2	3253	168
NC_003467.2	3254	168
NC_003467.2	3255	172
NC_003467.2	3256	174
NC_003467.2	3257	174
NC_003467.2	3258	174
NC_003467.2	3259	176
NC_003467.2	3260	177
NC_003467.2	3261	175
NC_003467.2	3262	179
NC_003467.2	3263	179
NC_003467.2	3264	179
NC_003467.2	3265	179
NC_003467.2	3266	180
NC_003467.2	3267	180
NC_003467.2	3268	180
NC_003467.2	3269	179
NC_003467.2	3270	175
NC_003467.2	3271	175
NC_003467.2	3272	175
NC_003467.2	3273	174
NC_003467.2	3274	178
NC_003467.2	3275	179
NC_003467.2	3276	181
NC_003467.2	3277	181
NC_003467.2	3278	184
NC_003467.2	3279	184
NC_003467.2	3280	187
NC_003467.2	3281	188
NC_003467.2	3282	188
NC_003467.2	3283	188
NC_003467.2	3284	187
NC_003467.2	3285	203
NC_003467.2	3286	204
NC_003467.2	3287	200
NC_003467.2	3288	192
NC_003467.2	3289	191
NC_003467.2	3290	193
NC_003467.2	3291	193
NC_003467.2	3292	193
NC_003467.2	3293	195
NC_003467.2	3294	182
NC_003467.2	3295	180
NC_003467.2	3296	180
NC_003467.2	3297	180
NC_003467.2	3298	180
NC_003467.2	3299	188
NC_003467.2	3300	188
NC_003467.2	3301	191
NC_003467.2	3302	191
NC_003467.2	3303	191
NC_003467.2	3304	191
NC_003467.2	3305	189
NC_003467.2	3306	198
NC_003467.2	3307	198
NC_003467.2	3308	192
NC_003467.2	3309	192
NC_003467.2	3310	192
NC_003467.2	3311	192
NC_003467.2	3312	192
NC_003467.2	3313	190
NC_003467.2	3314	188
NC_003467.2	3315	188
NC_003467.2	3316	188
NC_003467.2	3317	188
NC_003467.2	3318	188
NC_003467.2	3319	188
NC_003467.2	3320	188
NC_003467.2	3321	187
NC_003467.2	3322	187
NC_003467.2	3323	187
NC_003467.2	3324	189
NC_003467.2	3325	180
NC_003467.2	3326	180
NC_003467.2	3327	180
NC_003467.2	3328	180
NC_003467.2	3329	180
NC_003467.2	3330	179
NC_003467.2	3331	179
NC_003467.2	3332	181
NC_003467.2	3333	181
NC_003467.2	3334	181
NC_003467.2	3335	181
NC_003467.2	3336	179
NC_003467.2	3337	179
NC_003467.2	3338	179
NC_003467.2	3339	179
NC_003467.2	3340	179
NC_003467.2	3341	179
NC_003467.2	3342	179
NC_003467.2	3343	179
NC_003467.2	3344	177
NC_003467.2	3345	178
NC_003467.2	3346	178
NC_003467.2	3347	177
NC_003467.2	3348	177
NC_003467.2	3349	177
NC_003467.2	3350	177
NC_003467.2	3351	179
NC_003467.2	3352	179
NC_003467.2	3353	179
NC_003467.2	3354	179
NC_003467.2	3355	179
NC_003467.2	3356	179
NC_003467.2	3357	179
NC_003467.2	3358	177
NC_003467.2	3359	177
NC_003467.2	3360	175
NC_003467.2	3361	175
NC_003467.2	3362	175
NC_003467.2	3363	175
NC_003467.2	3364	175
NC_003467.2	3365	175
NC_003467.2	3366	177
NC_003467.2	3367	177
NC_003467.2	3368	177
NC_003467.2	3369	177
NC_003467.2	3370	177
NC_003467.2	3371	177
NC_003467.2	3372	177
NC_003467.2	3373	177
NC_003467.2	3374	177
NC_003467.2	3375	175
NC_003467.2	3376	175
NC_003467.2	3377	175
NC_003467.2	3378	175
NC_003467.2	3379	175
NC_003467.2	3380	179
NC_003467.2	3381	179
NC_003467.2	3382	179
NC_003467.2	3383	175
NC_003467.2	3384	169
NC_003467.2	3385	171
NC_003467.2	3386	171
NC_003467.2	3387	171
NC_003467.2	3388	171
NC_003467.2	3389	155
NC_003467.2	3390	154
NC_003467.2	3391	153
NC_003467.2	3392	152
NC_003467.2	3393	152
NC_003467.2	3394	151
NC_003467.2	3395	154
NC_003467.2	3396	153
NC_003467.2	3397	152
NC_003467.2	3398	152
NC_003467.2	3399	152
NC_003467.2	3400	149
NC_003467.2	3401	153
NC_003467.2	3402	153
NC_003467.2	3403	153
NC_003467.2	3404	149
NC_003467.2	3405	149
NC_003467.2	3406	149
NC_003467.2	3407	149
NC_003467.2	3408	147
NC_003467.2	3409	147
NC_003467.2	3410	146
NC_003467.2	3411	152
NC_003467.2	3412	152
NC_003467.2	3413	154
NC_003467.2	3414	154
NC_003467.2	3415	156
NC_003467.2	3416	155
NC_003467.2	3417	155
NC_003467.2	3418	153
NC_003467.2	3419	153
NC_003467.2	3420	139
NC_003467.2	3421	139
NC_003467.2	3422	126
NC_003467.2	3423	126
NC_003467.2	3424	126
NC_003467.2	3425	126
NC_003467.2	3426	126
NC_003467.2	3427	125
NC_003467.2	3428	125
NC_003467.2	3429	124
NC_003467.2	3430	122
NC_003467.2	3431	120
NC_003467.2	3432	116
NC_003467.2	3433	115
NC_003467.2	3434	113
NC_003467.2	3435	113
NC_003467.2	3436	113
NC_003467.2	3437	113
NC_003467.2	3438	117
NC_003467.2	3439	114
NC_003467.2	3440	114
NC_003467.2	3441	116
NC_003467.2	3442	116
NC_003467.2	3443	118
NC_003467.2	3444	118
NC_003467.2	3445	118
NC_003467.2	3446	117
NC_003467.2	3447	114
NC_003467.2	3448	114
NC_003467.2	3449	114
NC_003467.2	3450	114
NC_003467.2	3451	114
NC_003467.2	3452	110
NC_003467.2	3453	110
NC_003467.2	3454	110
NC_003467.2	3455	110
NC_003467.2	3456	110
NC_003467.2	3457	106
NC_003467.2	3458	106
NC_003467.2	3459	106
NC_003467.2	3460	106
NC_003467.2	3461	106
NC_003467.2	3462	104
NC_003467.2	3463	106
NC_003467.2	3464	106
NC_003467.2	3465	105
NC_003467.2	3466	105
NC_003467.2	3467	102
NC_003467.2	3468	101
NC_003467.2	3469	101
NC_003467.2	3470	101
NC_003467.2	3471	101
NC_003467.2	3472	97
NC_003467.2	3473	95
NC_003467.2	3474	91
NC_003467.2	3475	91
NC_003467.2	3476	91
NC_003467.2	3477	91
NC_003467.2	3478	90
NC_003467.2	3479	90
NC_003467.2	3480	90
NC_003467.2	3481	90
NC_003467.2	3482	90
NC_003467.2	3483	90
NC_003467.2	3484	90
NC_003467.2	3485	90
NC_003467.2	3486	90
NC_003467.2	3487	90
NC_003467.2	3488	90
NC_003467.2	3489	90
NC_003467.2	3490	90
NC_003467.2	3491	88
NC_003467.2	3492	87
NC_003467.2	3493	87
NC_003467.2	3494	87
NC_003467.2	3495	87
NC_003467.2	3496	83
NC_003467.2	3497	83
NC_003467.2	3498	82
NC_003467.2	3499	82
NC_003467.2	3500	82
NC_003467.2	3501	76
NC_003467.2	3502	80
NC_003467.2	3503	74
NC_003467.2	3504	74
NC_003467.2	3505	74
NC_003467.2	3506	69
NC_003467.2	3507	69
NC_003467.2	3508	69
NC_003467.2	3509	69
NC_003467.2	3510	69
NC_003467.2	3511	66
NC_003467.2	3512	65
NC_003467.2	3513	59
NC_003467.2	3514	59
NC_003467.2	3515	56
NC_003467.2	3516	56
NC_003467.2	3517	56
NC_003467.2	3518	56
NC_003467.2	3519	56
NC_003467.2	3520	56
NC_003467.2	3521	56
NC_003467.2	3522	56
NC_003467.2	3523	53
NC_003467.2	3524	53
NC_003467.2	3525	51
NC_003467.2	3526	50
NC_003467.2	3527	50
NC_003467.2	3528	50
NC_003467.2	3529	50
NC_003467.2	3530	50
NC_003467.2	3531	50
NC_003467.2	3532	50
NC_003467.2	3533	50
NC_003467.2	3534	50
NC_003467.2	3535	50
NC_003467.2	3536	49
NC_003467.2	3537	49
NC_003467.2	3538	40
NC_003467.2	3539	40
NC_003467.2	3540	40
NC_003467.2	3541	38
NC_003467.2	3542	36
NC_003467.2	3543	36
NC_003467.2	3544	35
NC_003467.2	3545	32
NC_003467.2	3546	30
NC_003467.2	3547	30
NC_003467.2	3548	30
NC_003467.2	3549	30
NC_003467.2	3550	28
NC_003467.2	3551	28
NC_003467.2	3552	28
NC_003467.2	3553	28
NC_003467.2	3554	28
NC_003467.2	3555	28
NC_003467.2	3556	23
NC_003467.2	3557	22
NC_003467.2	3558	22
NC_003467.2	3559	20
NC_003467.2	3560	20
NC_003467.2	3561	20
NC_003467.2	3562	20
NC_003467.2	3563	20
NC_003467.2	3564	20
NC_003467.2	3565	20
NC_003467.2	3566	20
NC_003467.2	3567	20
NC_003467.2	3568	20
NC_003467.2	3569	20
NC_003467.2	3570	19
NC_003467.2	3571	19
NC_003467.2	3572	15
NC_003467.2	3573	17
NC_003467.2	3574	17
NC_003467.2	3575	17
NC_003467.2	3576	17
NC_003467.2	3577	13
NC_003467.2	3578	7
NC_003467.2	3579	7
NC_003467.2	3580	5
NC_003467.2	3581	5
NC_003467.2	3582	4
NC_003467.2	3583	4
NC_003467.2	3584	4
NC_003467.2	3585	4
NC_003467.2	3586	4
NC_003467.2	3587	4
NC_003467.2	3588	2
NC_003467.2	3589	2
NC_003467.2	3590	2
NC_003467.2	3591	2
NC_003467.2	3592	2
NC_003467.2	3593	2
NC_003467.2	3594	2
NC_003467.2	3595	2
NC_003467.2	3596	2
NC_003467.2	3597	2
NC_003467.2	3598	2
NC_003467.2	3599	2
NC_003467.2	3600	2
NC_003467.2	3601	2
NC_003467.2	3602	2
NC_003467.2	3603	2
NC_003467.2	3604	2
NC_003467.2	3605	2
NC_003467.2	3606	2
NC_003467.2	3607	2
NC_003467.2	3608	2
NC_003467.2	3609	2
NC_003467.2	3610	2
NC_003467.2	3611	2
NC_003467.2	3612	2
NC_003467.2	3613	2
NC_003467.2	3614	2
NC_003467.2	3615	2
NC_003467.2	3616	2
NC_003467.2	3617	2
NC_003467.2	3618	2
NC_003467.2	3619	2
NC_003467.2	3620	2
NC_003467.2	3621	2
NC_003467.2	3622	2
NC_003467.2	3623	2
NC_003467.2	3624	2
NC_003467.2	3625	2
NC_003467.2	3626	2
NC_003467.2	3627	0
NC_003467.2	3628	0
NC_003467.2	3629	0
NC_003467.2	3630	0
NC_003467.2	3631	0
NC_003467.2	3632	0
NC_003467.2	3633	0
NC_003467.2	3634	0
NC_003467.2	3635	0
NC_003467.2	3636	0
NC_003467.2	3637	0
NC_003467.2	3638	0
NC_003467.2	3639	0
NC_003467.2	3640	0
NC_003467.2	3641	0
NC_003467.2	3642	0
NC_003467.2	3643	0
NC_003467.2	3644	0
NC_003467.2	3645	0
NC_003467.2	3646	0
NC_003467.2	3647	0
NC_003467.2	3648	0
NC_003467.2	3649	0
NC_003467.2	3650	0
NC_003467.2	3651	0
NC_003467.2	3652	0
NC_003467.2	3653	0
NC_003467.2	3654	0
NC_003467.2	3655	0
NC_003467.2	3656	0
NC_003467.2	3657	0
NC_003467.2	3658	0
NC_003467.2	3659	0
NC_003467.2	3660	0
NC_003467.2	3661	0
NC_003467.2	3662	0
NC_003467.2	3663	0
NC_003467.2	3664	0
NC_003467.2	3665	0
NC_003467.2	3666	0
NC_003467.2	3667	0
NC_003467.2	3668	0
NC_003467.2	3669	0
NC_003467.2	3670	0
NC_003467.2	3671	0
NC_003466.1	1	0
NC_003466.1	2	0
NC_003466.1	3	0
NC_003466.1	4	0
NC_003466.1	5	0
NC_003466.1	6	0
NC_003466.1	7	0
NC_003466.1	8	0
NC_003466.1	9	0
NC_003466.1	10	0
NC_003466.1	11	0
NC_003466.1	12	0
NC_003466.1	13	0
NC_003466.1	14	0
NC_003466.1	15	0
NC_003466.1	16	0
NC_003466.1	17	0
NC_003466.1	18	0
NC_003466.1	19	0
NC_003466.1	20	0
NC_003466.1	21	0
NC_003466.1	22	0
NC_003466.1	23	0
NC_003466.1	24	0
NC_003466.1	25	0
NC_003466.1	26	0
NC_003466.1	27	0
NC_003466.1	28	0
NC_003466.1	29	0
NC_003466.1	30	0
NC_003466.1	31	0
NC_003466.1	32	0
NC_003466.1	33	0
NC_003466.1	34	0
NC_003466.1	35	0
NC_003466.1	36	0
NC_003466.1	37	0
NC_003466.1	38	0
NC_003466.1	39	0
NC_003466.1	40	1
NC_003466.1	41	3
NC_003466.1	42	5
NC_003466.1	43	5
NC_003466.1	44	5
NC_003466.1	45	7
NC_003466.1	46	7
NC_003466.1	47	7
NC_003466.1	48	7
NC_003466.1	49	7
NC_003466.1	50	14
NC_003466.1	51	14
NC_003466.1	52	18
NC_003466.1	53	18
NC_003466.1	54	18
NC_003466.1	55	18
NC_003466.1	56	18
NC_003466.1	57	18
NC_003466.1	58	18
NC_003466.1	59	18
NC_003466.1	60	18
NC_003466.1	61	18
NC_003466.1	62	18
NC_003466.1	63	18
NC_003466.1	64	18
NC_003466.1	65	18
NC_003466.1	66	18
NC_003466.1	67	18
NC_003466.1	68	18
NC_003466.1	69	21
NC_003466.1	70	21
NC_003466.1	71	23
NC_003466.1	72	23
NC_003466.1	73	24
NC_003466.1	74	27
NC_003466.1	75	27
NC_003466.1	76	27
NC_003466.1	77	28
NC_003466.1	78	28
NC_003466.1	79	35
NC_003466.1	80	39
NC_003466.1	81	45
NC_003466.1	82	49
NC_003466.1	83	52
NC_003466.1	84	58
NC_003466.1	85	63
NC_003466.1	86	68
NC_003466.1	87	68
NC_003466.1	88	73
NC_003466.1	89	73
NC_003466.1	90	73
NC_003466.1	91	75
NC_003466.1	92	75
NC_003466.1	93	89
NC_003466.1	94	89
NC_003466.1	95	89
NC_003466.1	96	91
NC_003466.1	97	91
NC_003466.1	98	97
NC_003466.1	99	97
NC_003466.1	100	98
NC_003466.1	101	98
NC_003466.1	102	99
NC_003466.1	103	99
NC_003466.1	104	100
NC_003466.1	105	100
NC_003466.1	106	100
NC_003466.1	107	104
NC_003466.1	108	104
NC_003466.1	109	104
NC_003466.1	110	104
NC_003466.1	111	104
NC_003466.1	112	104
NC_003466.1	113	116
NC_003466.1	114	122
NC_003466.1	115	122
NC_003466.1	116	122
NC_003466.1	117	122
NC_003466.1	118	122
NC_003466.1	119	123
NC_003466.1	120	123
NC_003466.1	121	123
NC_003466.1	122	126
NC_003466.1	123	120
NC_003466.1	124	120
NC_003466.1	125	120
NC_003466.1	126	122
NC_003466.1	127	122
NC_003466.1	128	126
NC_003466.1	129	126
NC_003466.1	130	126
NC_003466.1	131	126
NC_003466.1	132	126
NC_003466.1	133	126
NC_003466.1	134	126
NC_003466.1	135	126
NC_003466.1	136	146
NC_003466.1	137	147
NC_003466.1	138	147
NC_003466.1	139	149
NC_003466.1	140	149
NC_003466.1	141	149
NC_003466.1	142	149
NC_003466.1	143	149
NC_003466.1	144	149
NC_003466.1	145	149
NC_003466.1	146	147
NC_003466.1	147	147
NC_003466.1	148	146
NC_003466.1	149	144
NC_003466.1	150	144
NC_003466.1	151	144
NC_003466.1	152	144
NC_003466.1	153	146
NC_003466.1	154	146
NC_003466.1	155	157
NC_003466.1	156	159
NC_003466.1	157	160
NC_003466.1	158	160
NC_003466.1	159	167
NC_003466.1	160	179
NC_003466.1	161	179
NC_003466.1	162	179
NC_003466.1	163	184
NC_003466.1	164	182
NC_003466.1	165	182
NC_003466.1	166	180
NC_003466.1	167	180
NC_003466.1	168	181
NC_003466.1	169	181
NC_003466.1	170	183
NC_003466.1	171	183
NC_003466.1	172	201
NC_003466.1	173	201
NC_003466.1	174	204
NC_003466.1	175	204
NC_003466.1	176	204
NC_003466.1	177	208
NC_003466.1	178	208
NC_003466.1	179	209
NC_003466.1	180	216
NC_003466.1	181	214
NC_003466.1	182	216
NC_003466.1	183	216
NC_003466.1	184	218
NC_003466.1	185	219
NC_003466.1	186	217
NC_003466.1	187	217
NC_003466.1	188	217
NC_003466.1	189	217
NC_003466.1	190	220
NC_003466.1	191	221
NC_003466.1	192	221
NC_003466.1	193	232
NC_003466.1	194	237
NC_003466.1	195	251
NC_003466.1	196	253
NC_003466.1	197	263
NC_003466.1	198	263
NC_003466.1	199	265
NC_003466.1	200	265
NC_003466.1	201	274
NC_003466.1	202	268
NC_003466.1	203	266
NC_003466.1	204	270
NC_003466.1	205	270
NC_003466.1	206	270
NC_003466.1	207	270
NC_003466.1	208	270
NC_003466.1	209	270
NC_003466.1	210	270
NC_003466.1	211	268
NC_003466.1	212	270
NC_003466.1	213	270
NC_003466.1	214	270
NC_003466.1	215	270
NC_003466.1	216	270
NC_003466.1	217	270
NC_003466.1	218	271
NC_003466.1	219	271
NC_003466.1	220	277
NC_003466.1	221	277
NC_003466.1	222	279
NC_003466.1	223	280
NC_003466.1	224	283
NC_003466.1	225	283
NC_003466.1	226	283
NC_003466.1	227	287
NC_003466.1	228	287
NC_003466.1	229	283
NC_003466.1	230	283
NC_003466.1	231	283
NC_003466.1	232	281
NC_003466.1	233	279
NC_003466.1	234	281
NC_003466.1	235	283
NC_003466.1	236	282
NC_003466.1	237	282
NC_003466.1	238	282
NC_003466.1	239	282
NC_003466.1	240	282
NC_003466.1	241	284
NC_003466.1	242	283
NC_003466.1	243	289
NC_003466.1	244	289
NC_003466.1	245	286
NC_003466.1	246	287
NC_003466.1	247	290
NC_003466.1	248	290
NC_003466.1	249	290
NC_003466.1	250	291
NC_003466.1	251	292
NC_003466.1	252	292
NC_003466.1	253	294
NC_003466.1	254	294
NC_003466.1	255	294
NC_003466.1	256	294
NC_003466.1	257	294
NC_003466.1	258	295
NC_003466.1	259	296
NC_003466.1	260	296
NC_003466.1	261	296
NC_003466.1	262	297
NC_003466.1	263	297
NC_003466.1	264	297
NC_003466.1	265	297
NC_003466.1	266	299
NC_003466.1	267	300
NC_003466.1	268	301
NC_003466.1	269	301
NC_003466.1	270	301
NC_003466.1	271	301
NC_003466.1	272	301
NC_003466.1	273	301
NC_003466.1	274	301
NC_003466.1	275	301
NC_003466.1	276	302
NC_003466.1	277	302
NC_003466.1	278	303
NC_003466.1	279	304
NC_003466.1	280	304
NC_003466.1	281	310
NC_003466.1	282	310
NC_003466.1	283	314
NC_003466.1	284	314
NC_003466.1	285	308
NC_003466.1	286	308
NC_003466.1	287	308
NC_003466.1	288	308
NC_003466.1	289	310
NC_003466.1	290	309
NC_003466.1	291	318
NC_003466.1	292	319
NC_003466.1	293	314
NC_003466.1	294	314
NC_003466.1	295	314
NC_003466.1	296	316
NC_003466.1	297	316
NC_003466.1	298	318
NC_003466.1	299	318
NC_003466.1	300	316
NC_003466.1	301	316
NC_003466.1	302	316
NC_003466.1	303	315
NC_003466.1	304	315
NC_003466.1	305	307
NC_003466.1	306	307
NC_003466.1	307	310
NC_003466.1	308	310
NC_003466.1	309	308
NC_003466.1	310	308
NC_003466.1	311	308
NC_003466.1	312	302
NC_003466.1	313	302
NC_003466.1	314	302
NC_003466.1	315	304
NC_003466.1	316	304
NC_003466.1	317	304
NC_003466.1	318	306
NC_003466.1	319	315
NC_003466.1	320	316
NC_003466.1	321	318
NC_003466.1	322	317
NC_003466.1	323	316
NC_003466.1	324	316
NC_003466.1	325	326
NC_003466.1	326	326
NC_003466.1	327	326
NC_003466.1	328	326
NC_003466.1	329	329
NC_003466.1	330	329
NC_003466.1	331	335
NC_003466.1	332	338
NC_003466.1	333	339
NC_003466.1	334	347
NC_003466.1	335	347
NC_003466.1	336	349
NC_003466.1	337	349
NC_003466.1	338	356
NC_003466.1	339	348
NC_003466.1	340	346
NC_003466.1	341	340
NC_003466.1	342	330
NC_003466.1	343	362
NC_003466.1	344	362
NC_003466.1	345	363
NC_003466.1	346	363
NC_003466.1	347	363
NC_003466.1	348	376
NC_003466.1	349	376
NC_003466.1	350	376
NC_003466.1	351	375
NC_003466.1	352	356
NC_003466.1	353	356
NC_003466.1	354	356
NC_003466.1	355	355
NC_003466.1	356	355
NC_003466.1	357	356
NC_003466.1	358	356
NC_003466.1	359	356
NC_003466.1	360	351
NC_003466.1	361	351
NC_003466.1	362	351
NC_003466.1	363	351
NC_003466.1	364	353
NC_003466.1	365	355
NC_003466.1	366	355
NC_003466.1	367	355
NC_003466.1	368	359
NC_003466.1	369	359
NC_003466.1	370	365
NC_003466.1	371	366
NC_003466.1	372	366
NC_003466.1	373	368
NC_003466.1	374	360
NC_003466.1	375	361
NC_003466.1	376	361
NC_003466.1	377	358
NC_003466.1	378	358
NC_003466.1	379	358
NC_003466.1	380	359
NC_003466.1	381	359
NC_003466.1	382	359
NC_003466.1	383	359
NC_003466.1	384	358
NC_003466.1	385	357
NC_003466.1	386	349
NC_003466.1	387	347
NC_003466.1	388	347
NC_003466.1	389	348
NC_003466.1	390	342
NC_003466.1	391	344
NC_003466.1	392	340
NC_003466.1	393	340
NC_003466.1	394	344
NC_003466.1	395	344
NC_003466.1	396	344
NC_003466.1	397	341
NC_003466.1	398	335
NC_003466.1	399	335
NC_003466.1	400	331
NC_003466.1	401	331
NC_003466.1	402	353
NC_003466.1	403	354
NC_003466.1	404	362
NC_003466.1	405	361
NC_003466.1	406	361
NC_003466.1	407	361
NC_003466.1	408	357
NC_003466.1	409	359
NC_003466.1	410	366
NC_003466.1	411	355
NC_003466.1	412	365
NC_003466.1	413	362
NC_003466.1	414	374
NC_003466.1	415	370
NC_003466.1	416	367
NC_003466.1	417	365
NC_003466.1	418	413
NC_003466.1	419	413
NC_003466.1	420	413
NC_003466.1	421	407
NC_003466.1	422	407
NC_003466.1	423	401
NC_003466.1	424	402
NC_003466.1	425	402
NC_003466.1	426	407
NC_003466.1	427	377
NC_003466.1	428	379
NC_003466.1	429	379
NC_003466.1	430	379
NC_003466.1	431	379
NC_003466.1	432	379
NC_003466.1	433	379
NC_003466.1	434	379
NC_003466.1	435	380
NC_003466.1	436	379
NC_003466.1	437	376
NC_003466.1	438	378
NC_003466.1	439	378
NC_003466.1	440	378
NC_003466.1	441	378
NC_003466.1	442	380
NC_003466.1	443	381
NC_003466.1	444	380
NC_003466.1	445	380
NC_003466.1	446	380
NC_003466.1	447	380
NC_003466.1	448	380
NC_003466.1	449	382
NC_003466.1	450	355
NC_003466.1	451	358
NC_003466.1	452	358
NC_003466.1	453	355
NC_003466.1	454	350
NC_003466.1	455	359
NC_003466.1	456	374
NC_003466.1	457	375
NC_003466.1	458	375
NC_003466.1	459	375
NC_003466.1	460	378
NC_003466.1	461	375
NC_003466.1	462	376
NC_003466.1	463	378
NC_003466.1	464	363
NC_003466.1	465	363
NC_003466.1	466	363
NC_003466.1	467	363
NC_003466.1	468	361
NC_003466.1	469	361
NC_003466.1	470	359
NC_003466.1	471	359
NC_003466.1	472	359
NC_003466.1	473	363
NC_003466.1	474	363
NC_003466.1	475	362
NC_003466.1	476	364
NC_003466.1	477	364
NC_003466.1	478	364
NC_003466.1	479	364
NC_003466.1	480	363
NC_003466.1	481	363
NC_003466.1	482	357
NC_003466.1	483	359
NC_003466.1	484	361
NC_003466.1	485	362
NC_003466.1	486	360
NC_003466.1	487	369
NC_003466.1	488	368
NC_003466.1	489	368
NC_003466.1	490	368
NC_003466.1	491	367
NC_003466.1	492	363
NC_003466.1	493	354
NC_003466.1	494	354
NC_003466.1	495	356
NC_003466.1	496	352
NC_003466.1	497	352
NC_003466.1	498	354
NC_003466.1	499	356
NC_003466.1	500	356
NC_003466.1	501	356
NC_003466.1	502	355
NC_003466.1	503	353
NC_003466.1	504	357
NC_003466.1	505	357
NC_003466.1	506	357
NC_003466.1	507	357
NC_003466.1	508	357
NC_003466.1	509	355
NC_003466.1	510	355
NC_003466.1	511	355
NC_003466.1	512	353
NC_003466.1	513	353
NC_003466.1	514	353
NC_003466.1	515	353
NC_003466.1	516	353
NC_003466.1	517	353
NC_003466.1	518	340
NC_003466.1	519	340
NC_003466.1	520	338
NC_003466.1	521	338
NC_003466.1	522	338
NC_003466.1	523	337
NC_003466.1	524	328
NC_003466.1	525	299
NC_003466.1	526	299
NC_003466.1	527	300
NC_003466.1	528	300
NC_003466.1	529	300
NC_003466.1	530	300
NC_003466.1	531	297
NC_003466.1	532	297
NC_003466.1	533	299
NC_003466.1	534	299
NC_003466.1	535	293
NC_003466.1	536	293
NC_003466.1	537	292
NC_003466.1	538	292
NC_003466.1	539	292
NC_003466.1	540	292
NC_003466.1	541	292
NC_003466.1	542	279
NC_003466.1	543	279
NC_003466.1	544	279
NC_003466.1	545	279
NC_003466.1	546	279
NC_003466.1	547	279
NC_003466.1	548	279
NC_003466.1	549	279
NC_003466.1	550	281
NC_003466.1	551	281
NC_003466.1	552	279
NC_003466.1	553	277
NC_003466.1	554	271
NC_003466.1	555	269
NC_003466.1	556	269
NC_003466.1	557	269
NC_003466.1	558	269
NC_003466.1	559	260
NC_003466.1	560	256
NC_003466.1	561	252
NC_003466.1	562	254
NC_003466.1	563	248
NC_003466.1	564	248
NC_003466.1	565	248
NC_003466.1	566	249
NC_003466.1	567	249
NC_003466.1	568	247
NC_003466.1	569	247
NC_003466.1	570	249
NC_003466.1	571	246
NC_003466.1	572	244
NC_003466.1	573	244
NC_003466.1	574	244
NC_003466.1	575	244
NC_003466.1	576	244
NC_003466.1	577	244
NC_003466.1	578	242
NC_003466.1	579	229
NC_003466.1	580	222
NC_003466.1	581	221
NC_003466.1	582	220
NC_003466.1	583	220
NC_003466.1	584	220
NC_003466.1	585	220
NC_003466.1	586	220
NC_003466.1	587	204
NC_003466.1	588	204
NC_003466.1	589	204
NC_003466.1	590	203
NC_003466.1	591	201
NC_003466.1	592	198
NC_003466.1	593	197
NC_003466.1	594	197
NC_003466.1	595	197
NC_003466.1	596	193
NC_003466.1	597	177
NC_003466.1	598	177
NC_003466.1	599	164
NC_003466.1	600	164
NC_003466.1	601	169
NC_003466.1	602	169
NC_003466.1	603	169
NC_003466.1	604	170
NC_003466.1	605	170
NC_003466.1	606	131
NC_003466.1	607	127
NC_003466.1	608	88
NC_003466.1	609	89
NC_003466.1	610	74
NC_003466.1	611	70
NC_003466.1	612	45
NC_003466.1	613	43
NC_003466.1	614	43
NC_003466.1	615	43
NC_003466.1	616	44
NC_003466.1	617	44
NC_003466.1	618	38
NC_003466.1	619	36
NC_003466.1	620	36
NC_003466.1	621	36
NC_003466.1	622	35
NC_003466.1	623	35
NC_003466.1	624	35
NC_003466.1	625	35
NC_003466.1	626	35
NC_003466.1	627	35
NC_003466.1	628	35
NC_003466.1	629	35
NC_003466.1	630	35
NC_003466.1	631	35
NC_003466.1	632	29
NC_003466.1	633	31
NC_003466.1	634	31
NC_003466.1	635	31
NC_003466.1	636	31
NC_003466.1	637	31
NC_003466.1	638	31
NC_003466.1	639	31
NC_003466.1	640	31
NC_003466.1	641	31
NC_003466.1	642	26
NC_003466.1	643	26
NC_003466.1	644	26
NC_003466.1	645	26
NC_003466.1	646	26
NC_003466.1	647	26
NC_003466.1	648	26
NC_003466.1	649	26
NC_003466.1	650	26
NC_003466.1	651	26
NC_003466.1	652	26
NC_003466.1	653	26
NC_003466.1	654	26
NC_003466.1	655	26
NC_003466.1	656	26
NC_003466.1	657	26
NC_003466.1	658	26
NC_003466.1	659	26
NC_003466.1	660	26
NC_003466.1	661	26
NC_003466.1	662	26
NC_003466.1	663	26
NC_003466.1	664	26
NC_003466.1	665	26
NC_003466.1	666	26
NC_003466.1	667	26
NC_003466.1	668	26
NC_003466.1	669	26
NC_003466.1	670	26
NC_003466.1	671	26
NC_003466.1	672	26
NC_003466.1	673	26
NC_003466.1	674	26
NC_003466.1	675	26
NC_003466.1	676	26
NC_003466.1	677	26
NC_003466.1	678	26
NC_003466.1	679	26
NC_003466.1	680	26
NC_003466.1	681	36
NC_003466.1	682	36
NC_003466.1	683	36
NC_003466.1	684	36
NC_003466.1	685	39
NC_003466.1	686	39
NC_003466.1	687	39
NC_003466.1	688	39
NC_003466.1	689	43
NC_003466.1	690	43
NC_003466.1	691	43
NC_003466.1	692	47
NC_003466.1	693	47
NC_003466.1	694	47
NC_003466.1	695	47
NC_003466.1	696	47
NC_003466.1	697	47
NC_003466.1	698	47
NC_003466.1	699	47
NC_003466.1	700	47
NC_003466.1	701	47
NC_003466.1	702	47
NC_003466.1	703	45
NC_003466.1	704	45
NC_003466.1	705	43
NC_003466.1	706	43
NC_003466.1	707	42
NC_003466.1	708	42
NC_003466.1	709	42
NC_003466.1	710	42
NC_003466.1	711	42
NC_003466.1	712	41
NC_003466.1	713	44
NC_003466.1	714	44
NC_003466.1	715	44
NC_003466.1	716	44
NC_003466.1	717	44
NC_003466.1	718	44
NC_003466.1	719	46
NC_003466.1	720	46
NC_003466.1	721	46
NC_003466.1	722	46
NC_003466.1	723	48
NC_003466.1	724	48
NC_003466.1	725	48
NC_003466.1	726	48
NC_003466.1	727	50
NC_003466.1	728	50
NC_003466.1	729	50
NC_003466.1	730	50
NC_003466.1	731	50
NC_003466.1	732	50
NC_003466.1	733	50
NC_003466.1	734	50
NC_003466.1	735	50
NC_003466.1	736	50
NC_003466.1	737	50
NC_003466.1	738	50
NC_003466.1	739	50
NC_003466.1	740	50
NC_003466.1	741	48
NC_003466.1	742	48
NC_003466.1	743	48
NC_003466.1	744	48
NC_003466.1	745	47
NC_003466.1	746	49
NC_003466.1	747	49
NC_003466.1	748	49
NC_003466.1	749	49
NC_003466.1	750	49
NC_003466.1	751	49
NC_003466.1	752	48
NC_003466.1	753	48
NC_003466.1	754	48
NC_003466.1	755	48
NC_003466.1	756	48
NC_003466.1	757	48
NC_003466.1	758	48
NC_003466.1	759	48
NC_003466.1	760	52
NC_003466.1	761	52
NC_003466.1	762	52
NC_003466.1	763	52
NC_003466.1	764	52
NC_003466.1	765	52
NC_003466.1	766	52
NC_003466.1	767	52
NC_003466.1	768	52
NC_003466.1	769	52
NC_003466.1	770	52
NC_003466.1	771	52
NC_003466.1	772	52
NC_003466.1	773	58
NC_003466.1	774	58
NC_003466.1	775	58
NC_003466.1	776	58
NC_003466.1	777	58
NC_003466.1	778	60
NC_003466.1	779	60
NC_003466.1	780	60
NC_003466.1	781	57
NC_003466.1	782	57
NC_003466.1	783	57
NC_003466.1	784	57
NC_003466.1	785	57
NC_003466.1	786	57
NC_003466.1	787	57
NC_003466.1	788	57
NC_003466.1	789	57
NC_003466.1	790	57
NC_003466.1	791	57
NC_003466.1	792	57
NC_003466.1	793	57
NC_003466.1	794	57
NC_003466.1	795	57
NC_003466.1	796	57
NC_003466.1	797	57
NC_003466.1	798	57
NC_003466.1	799	56
NC_003466.1	800	58
NC_003466.1	801	58
NC_003466.1	802	58
NC_003466.1	803	58
NC_003466.1	804	58
NC_003466.1	805	58
NC_003466.1	806	58
NC_003466.1	807	58
NC_003466.1	808	58
NC_003466.1	809	56
NC_003466.1	810	56
NC_003466.1	811	56
NC_003466.1	812	56
NC_003466.1	813	56
NC_003466.1	814	56
NC_003466.1	815	56
NC_003466.1	816	56
NC_003466.1	817	56
NC_003466.1	818	54
NC_003466.1	819	54
NC_003466.1	820	54
NC_003466.1	821	54
NC_003466.1	822	53
NC_003466.1	823	53
NC_003466.1	824	53
NC_003466.1	825	53
NC_003466.1	826	53
NC_003466.1	827	53
NC_003466.1	828	53
NC_003466.1	829	55
NC_003466.1	830	56
NC_003466.1	831	56
NC_003466.1	832	50
NC_003466.1	833	50
NC_003466.1	834	50
NC_003466.1	835	52
NC_003466.1	836	52
NC_003466.1	837	50
NC_003466.1	838	50
NC_003466.1	839	50
NC_003466.1	840	50
NC_003466.1	841	50
NC_003466.1	842	50
NC_003466.1	843	50
NC_003466.1	844	50
NC_003466.1	845	56
NC_003466.1	846	56
NC_003466.1	847	56
NC_003466.1	848	56
NC_003466.1	849	55
NC_003466.1	850	55
NC_003466.1	851	55
NC_003466.1	852	55
NC_003466.1	853	55
NC_003466.1	854	52
NC_003466.1	855	52
NC_003466.1	856	52
NC_003466.1	857	52
NC_003466.1	858	52
NC_003466.1	859	52
NC_003466.1	860	52
NC_003466.1	861	52
NC_003466.1	862	52
NC_003466.1	863	52
NC_003466.1	864	50
NC_003466.1	865	50
NC_003466.1	866	48
NC_003466.1	867	47
NC_003466.1	868	49
NC_003466.1	869	49
NC_003466.1	870	49
NC_003466.1	871	48
NC_003466.1	872	48
NC_003466.1	873	48
NC_003466.1	874	48
NC_003466.1	875	48
NC_003466.1	876	48
NC_003466.1	877	48
NC_003466.1	878	48
NC_003466.1	879	44
NC_003466.1	880	38
NC_003466.1	881	38
NC_003466.1	882	38
NC_003466.1	883	38
NC_003466.1	884	38
NC_003466.1	885	38
NC_003466.1	886	38
NC_003466.1	887	41
NC_003466.1	888	41
NC_003466.1	889	41
NC_003466.1	890	39
NC_003466.1	891	39
NC_003466.1	892	40
NC_003466.1	893	40
NC_003466.1	894	40
NC_003466.1	895	40
NC_003466.1	896	39
NC_003466.1	897	39
NC_003466.1	898	39
NC_003466.1	899	39
NC_003466.1	900	40
NC_003466.1	901	40
NC_003466.1	902	40
NC_003466.1	903	40
NC_003466.1	904	40
NC_003466.1	905	40
NC_003466.1	906	40
NC_003466.1	907	40
NC_003466.1	908	40
NC_003466.1	909	37
NC_003466.1	910	37
NC_003466.1	911	37
NC_003466.1	912	37
NC_003466.1	913	37
NC_003466.1	914	37
NC_003466.1	915	37
NC_003466.1	916	39
NC_003466.1	917	39
NC_003466.1	918	39
NC_003466.1	919	39
NC_003466.1	920	39
NC_003466.1	921	39
NC_003466.1	922	39
NC_003466.1	923	35
NC_003466.1	924	35
NC_003466.1	925	33
NC_003466.1	926	33
NC_003466.1	927	33
NC_003466.1	928	33
NC_003466.1	929	33
NC_003466.1	930	33
NC_003466.1	931	33
NC_003466.1	932	33
NC_003466.1	933	33
NC_003466.1	934	33
NC_003466.1	935	33
NC_003466.1	936	33
NC_003466.1	937	33
NC_003466.1	938	33
NC_003466.1	939	33
NC_003466.1	940	33
NC_003466.1	941	33
NC_003466.1	942	33
NC_003466.1	943	33
NC_003466.1	944	33
NC_003466.1	945	33
NC_003466.1	946	33
NC_003466.1	947	33
NC_003466.1	948	33
NC_003466.1	949	33
NC_003466.1	950	33
NC_003466.1	951	33
NC_003466.1	952	33
NC_003466.1	953	33
NC_003466.1	954	33
NC_003466.1	955	31
NC_003466.1	956	31
NC_003466.1	957	31
NC_003466.1	958	31
NC_003466.1	959	31
NC_003466.1	960	31
NC_003466.1	961	32
NC_003466.1	962	32
NC_003466.1	963	32
NC_003466.1	964	32
NC_003466.1	965	32
NC_003466.1	966	32
NC_003466.1	967	32
NC_003466.1	968	32
NC_003466.1	969	32
NC_003466.1	970	33
NC_003466.1	971	35
NC_003466.1	972	37
NC_003466.1	973	38
NC_003466.1	974	38
NC_003466.1	975	40
NC_003466.1	976	42
NC_003466.1	977	42
NC_003466.1	978	42
NC_003466.1	979	42
NC_003466.1	980	42
NC_003466.1	981	42
NC_003466.1	982	42
NC_003466.1	983	42
NC_003466.1	984	42
NC_003466.1	985	41
NC_003466.1	986	41
NC_003466.1	987	41
NC_003466.1	988	41
NC_003466.1	989	41
NC_003466.1	990	41
NC_003466.1	991	41
NC_003466.1	992	41
NC_003466.1	993	41
NC_003466.1	994	43
NC_003466.1	995	43
NC_003466.1	996	48
NC_003466.1	997	48
NC_003466.1	998	46
NC_003466.1	999	53
NC_003466.1	1000	53
NC_003466.1	1001	51
NC_003466.1	1002	51
NC_003466.1	1003	49
NC_003466.1	1004	49
NC_003466.1	1005	49
NC_003466.1	1006	49
NC_003466.1	1007	49
NC_003466.1	1008	49
NC_003466.1	1009	49
NC_003466.1	1010	49
NC_003466.1	1011	49
NC_003466.1	1012	49
NC_003466.1	1013	49
NC_003466.1	1014	48
NC_003466.1	1015	48
NC_003466.1	1016	48
NC_003466.1	1017	48
NC_003466.1	1018	50
NC_003466.1	1019	48
NC_003466.1	1020	50
NC_003466.1	1021	50
NC_003466.1	1022	44
NC_003466.1	1023	44
NC_003466.1	1024	44
NC_003466.1	1025	44
NC_003466.1	1026	44
NC_003466.1	1027	44
NC_003466.1	1028	44
NC_003466.1	1029	45
NC_003466.1	1030	46
NC_003466.1	1031	46
NC_003466.1	1032	46
NC_003466.1	1033	46
NC_003466.1	1034	48
NC_003466.1	1035	48
NC_003466.1	1036	48
NC_003466.1	1037	48
NC_003466.1	1038	42
NC_003466.1	1039	42
NC_003466.1	1040	44
NC_003466.1	1041	44
NC_003466.1	1042	47
NC_003466.1	1043	47
NC_003466.1	1044	47
NC_003466.1	1045	47
NC_003466.1	1046	47
NC_003466.1	1047	48
NC_003466.1	1048	48
NC_003466.1	1049	48
NC_003466.1	1050	48
NC_003466.1	1051	48
NC_003466.1	1052	48
NC_003466.1	1053	50
NC_003466.1	1054	49
NC_003466.1	1055	49
NC_003466.1	1056	50
NC_003466.1	1057	49
NC_003466.1	1058	57
NC_003466.1	1059	59
NC_003466.1	1060	59
NC_003466.1	1061	64
NC_003466.1	1062	64
NC_003466.1	1063	64
NC_003466.1	1064	64
NC_003466.1	1065	64
NC_003466.1	1066	64
NC_003466.1	1067	64
NC_003466.1	1068	64
NC_003466.1	1069	64
NC_003466.1	1070	62
NC_003466.1	1071	66
NC_003466.1	1072	66
NC_003466.1	1073	66
NC_003466.1	1074	66
NC_003466.1	1075	66
NC_003466.1	1076	68
NC_003466.1	1077	68
NC_003466.1	1078	74
NC_003466.1	1079	73
NC_003466.1	1080	74
NC_003466.1	1081	76
NC_003466.1	1082	76
NC_003466.1	1083	76
NC_003466.1	1084	76
NC_003466.1	1085	76
NC_003466.1	1086	76
NC_003466.1	1087	77
NC_003466.1	1088	77
NC_003466.1	1089	77
NC_003466.1	1090	79
NC_003466.1	1091	79
NC_003466.1	1092	79
NC_003466.1	1093	79
NC_003466.1	1094	79
NC_003466.1	1095	79
NC_003466.1	1096	79
NC_003466.1	1097	79
NC_003466.1	1098	80
NC_003466.1	1099	80
NC_003466.1	1100	80
NC_003466.1	1101	80
NC_003466.1	1102	80
NC_003466.1	1103	80
NC_003466.1	1104	80
NC_003466.1	1105	80
NC_003466.1	1106	80
NC_003466.1	1107	80
NC_003466.1	1108	80
NC_003466.1	1109	80
NC_003466.1	1110	80
NC_003466.1	1111	84
NC_003466.1	1112	84
NC_003466.1	1113	84
NC_003466.1	1114	84
NC_003466.1	1115	84
NC_003466.1	1116	84
NC_003466.1	1117	92
NC_003466.1	1118	92
NC_003466.1	1119	92
NC_003466.1	1120	92
NC_003466.1	1121	91
NC_003466.1	1122	89
NC_003466.1	1123	90
NC_003466.1	1124	90
NC_003466.1	1125	90
NC_003466.1	1126	91
NC_003466.1	1127	91
NC_003466.1	1128	92
NC_003466.1	1129	93
NC_003466.1	1130	93
NC_003466.1	1131	93
NC_003466.1	1132	95
NC_003466.1	1133	97
NC_003466.1	1134	99
NC_003466.1	1135	102
NC_003466.1	1136	104
NC_003466.1	1137	104
NC_003466.1	1138	104
NC_003466.1	1139	106
NC_003466.1	1140	106
NC_003466.1	1141	104
NC_003466.1	1142	104
NC_003466.1	1143	104
NC_003466.1	1144	104
NC_003466.1	1145	104
NC_003466.1	1146	104
NC_003466.1	1147	104
NC_003466.1	1148	104
NC_003466.1	1149	112
NC_003466.1	1150	112
NC_003466.1	1151	112
NC_003466.1	1152	112
NC_003466.1	1153	112
NC_003466.1	1154	112
NC_003466.1	1155	112
NC_003466.1	1156	112
NC_003466.1	1157	112
NC_003466.1	1158	110
NC_003466.1	1159	108
NC_003466.1	1160	108
NC_003466.1	1161	108
NC_003466.1	1162	108
NC_003466.1	1163	108
NC_003466.1	1164	108
NC_003466.1	1165	108
NC_003466.1	1166	108
NC_003466.1	1167	106
NC_003466.1	1168	106
NC_003466.1	1169	106
NC_003466.1	1170	107
NC_003466.1	1171	106
NC_003466.1	1172	106
NC_003466.1	1173	106
NC_003466.1	1174	106
NC_003466.1	1175	106
NC_003466.1	1176	106
NC_003466.1	1177	106
NC_003466.1	1178	108
NC_003466.1	1179	108
NC_003466.1	1180	108
NC_003466.1	1181	108
NC_003466.1	1182	108
NC_003466.1	1183	109
NC_003466.1	1184	108
NC_003466.1	1185	106
NC_003466.1	1186	108
NC_003466.1	1187	106
NC_003466.1	1188	106
NC_003466.1	1189	109
NC_003466.1	1190	109
NC_003466.1	1191	109
NC_003466.1	1192	109
NC_003466.1	1193	109
NC_003466.1	1194	109
NC_003466.1	1195	109
NC_003466.1	1196	109
NC_003466.1	1197	105
NC_003466.1	1198	105
NC_003466.1	1199	105
NC_003466.1	1200	105
NC_003466.1	1201	105
NC_003466.1	1202	105
NC_003466.1	1203	110
NC_003466.1	1204	110
NC_003466.1	1205	110
NC_003466.1	1206	108
NC_003466.1	1207	108
NC_003466.1	1208	108
NC_003466.1	1209	108
NC_003466.1	1210	108
NC_003466.1	1211	106
NC_003466.1	1212	106
NC_003466.1	1213	109
NC_003466.1	1214	110
NC_003466.1	1215	106
NC_003466.1	1216	106
NC_003466.1	1217	106
NC_003466.1	1218	106
NC_003466.1	1219	106
NC_003466.1	1220	106
NC_003466.1	1221	106
NC_003466.1	1222	106
NC_003466.1	1223	110
NC_003466.1	1224	110
NC_003466.1	1225	110
NC_003466.1	1226	110
NC_003466.1	1227	110
NC_003466.1	1228	112
NC_003466.1	1229	114
NC_003466.1	1230	114
NC_003466.1	1231	114
NC_003466.1	1232	114
NC_003466.1	1233	110
NC_003466.1	1234	110
NC_003466.1	1235	110
NC_003466.1	1236	108
NC_003466.1	1237	108
NC_003466.1	1238	112
NC_003466.1	1239	114
NC_003466.1	1240	123
NC_003466.1	1241	125
NC_003466.1	1242	127
NC_003466.1	1243	127
NC_003466.1	1244	127
NC_003466.1	1245	127
NC_003466.1	1246	127
NC_003466.1	1247	129
NC_003466.1	1248	129
NC_003466.1	1249	115
NC_003466.1	1250	115
NC_003466.1	1251	115
NC_003466.1	1252	117
NC_003466.1	1253	117
NC_003466.1	1254	117
NC_003466.1	1255	118
NC_003466.1	1256	116
NC_003466.1	1257	116
NC_003466.1	1258	114
NC_003466.1	1259	114
NC_003466.1	1260	115
NC_003466.1	1261	110
NC_003466.1	1262	107
NC_003466.1	1263	107
NC_003466.1	1264	107
NC_003466.1	1265	107
NC_003466.1	1266	107
NC_003466.1	1267	109
NC_003466.1	1268	109
NC_003466.1	1269	109
NC_003466.1	1270	109
NC_003466.1	1271	109
NC_003466.1	1272	111
NC_003466.1	1273	111
NC_003466.1	1274	111
NC_003466.1	1275	109
NC_003466.1	1276	109
NC_003466.1	1277	108
NC_003466.1	1278	108
NC_003466.1	1279	108
NC_003466.1	1280	108
NC_003466.1	1281	108
NC_003466.1	1282	108
NC_003466.1	1283	108
NC_003466.1	1284	108
NC_003466.1	1285	108
NC_003466.1	1286	108
NC_003466.1	1287	108
NC_003466.1	1288	119
NC_003466.1	1289	122
NC_003466.1	1290	127
NC_003466.1	1291	129
NC_003466.1	1292	129
NC_003466.1	1293	127
NC_003466.1	1294	127
NC_003466.1	1295	127
NC_003466.1	1296	127
NC_003466.1	1297	126
NC_003466.1	1298	126
NC_003466.1	1299	125
NC_003466.1	1300	125
NC_003466.1	1301	127
NC_003466.1	1302	127
NC_003466.1	1303	127
NC_003466.1	1304	127
NC_003466.1	1305	127
NC_003466.1	1306	127
NC_003466.1	1307	129
NC_003466.1	1308	135
NC_003466.1	1309	131
NC_003466.1	1310	131
NC_003466.1	1311	131
NC_003466.1	1312	132
NC_003466.1	1313	132
NC_003466.1	1314	132
NC_003466.1	1315	133
NC_003466.1	1316	131
NC_003466.1	1317	131
NC_003466.1	1318	133
NC_003466.1	1319	133
NC_003466.1	1320	133
NC_003466.1	1321	131
NC_003466.1	1322	131
NC_003466.1	1323	133
NC_003466.1	1324	133
NC_003466.1	1325	135
NC_003466.1	1326	137
NC_003466.1	1327	137
NC_003466.1	1328	137
NC_003466.1	1329	137
NC_003466.1	1330	140
NC_003466.1	1331	135
NC_003466.1	1332	135
NC_003466.1	1333	139
NC_003466.1	1334	139
NC_003466.1	1335	139
NC_003466.1	1336	139
NC_003466.1	1337	142
NC_003466.1	1338	142
NC_003466.1	1339	136
NC_003466.1	1340	132
NC_003466.1	1341	132
NC_003466.1	1342	130
NC_003466.1	1343	128
NC_003466.1	1344	128
NC_003466.1	1345	130
NC_003466.1	1346	130
NC_003466.1	1347	131
NC_003466.1	1348	137
NC_003466.1	1349	137
NC_003466.1	1350	137
NC_003466.1	1351	137
NC_003466.1	1352	137
NC_003466.1	1353	137
NC_003466.1	1354	135
NC_003466.1	1355	136
NC_003466.1	1356	137
NC_003466.1	1357	136
NC_003466.1	1358	138
NC_003466.1	1359	137
NC_003466.1	1360	138
NC_003466.1	1361	138
NC_003466.1	1362	138
NC_003466.1	1363	138
NC_003466.1	1364	138
NC_003466.1	1365	138
NC_003466.1	1366	140
NC_003466.1	1367	140
NC_003466.1	1368	140
NC_003466.1	1369	140
NC_003466.1	1370	140
NC_003466.1	1371	140
NC_003466.1	1372	140
NC_003466.1	1373	140
NC_003466.1	1374	140
NC_003466.1	1375	140
NC_003466.1	1376	140
NC_003466.1	1377	142
NC_003466.1	1378	142
NC_003466.1	1379	152
NC_003466.1	1380	151
NC_003466.1	1381	150
NC_003466.1	1382	150
NC_003466.1	1383	150
NC_003466.1	1384	150
NC_003466.1	1385	150
NC_003466.1	1386	150
NC_003466.1	1387	150
NC_003466.1	1388	147
NC_003466.1	1389	161
NC_003466.1	1390	161
NC_003466.1	1391	161
NC_003466.1	1392	161
NC_003466.1	1393	161
NC_003466.1	1394	161
NC_003466.1	1395	167
NC_003466.1	1396	167
NC_003466.1	1397	169
NC_003466.1	1398	164
NC_003466.1	1399	162
NC_003466.1	1400	169
NC_003466.1	1401	174
NC_003466.1	1402	180
NC_003466.1	1403	180
NC_003466.1	1404	176
NC_003466.1	1405	176
NC_003466.1	1406	176
NC_003466.1	1407	176
NC_003466.1	1408	175
NC_003466.1	1409	176
NC_003466.1	1410	168
NC_003466.1	1411	166
NC_003466.1	1412	164
NC_003466.1	1413	164
NC_003466.1	1414	164
NC_003466.1	1415	164
NC_003466.1	1416	164
NC_003466.1	1417	164
NC_003466.1	1418	157
NC_003466.1	1419	157
NC_003466.1	1420	155
NC_003466.1	1421	161
NC_003466.1	1422	157
NC_003466.1	1423	155
NC_003466.1	1424	152
NC_003466.1	1425	152
NC_003466.1	1426	156
NC_003466.1	1427	165
NC_003466.1	1428	165
NC_003466.1	1429	165
NC_003466.1	1430	160
NC_003466.1	1431	160
NC_003466.1	1432	159
NC_003466.1	1433	159
NC_003466.1	1434	158
NC_003466.1	1435	158
NC_003466.1	1436	129
NC_003466.1	1437	130
NC_003466.1	1438	130
NC_003466.1	1439	130
NC_003466.1	1440	130
NC_003466.1	1441	129
NC_003466.1	1442	130
NC_003466.1	1443	5
NC_003466.1	1444	130
NC_003466.1	1445	131
NC_003466.1	1446	131
NC_003466.1	1447	131
NC_003466.1	1448	131
NC_003466.1	1449	131
NC_003466.1	1450	132
NC_003466.1	1451	153
NC_003466.1	1452	154
NC_003466.1	1453	156
NC_003466.1	1454	158
NC_003466.1	1455	158
NC_003466.1	1456	158
NC_003466.1	1457	158
NC_003466.1	1458	158
NC_003466.1	1459	158
NC_003466.1	1460	158
NC_003466.1	1461	158
NC_003466.1	1462	158
NC_003466.1	1463	158
NC_003466.1	1464	160
NC_003466.1	1465	160
NC_003466.1	1466	160
NC_003466.1	1467	160
NC_003466.1	1468	160
NC_003466.1	1469	162
NC_003466.1	1470	162
NC_003466.1	1471	162
NC_003466.1	1472	161
NC_003466.1	1473	161
NC_003466.1	1474	161
NC_003466.1	1475	161
NC_003466.1	1476	161
NC_003466.1	1477	161
NC_003466.1	1478	161
NC_003466.1	1479	161
NC_003466.1	1480	161
NC_003466.1	1481	161
NC_003466.1	1482	167
NC_003466.1	1483	169
NC_003466.1	1484	169
NC_003466.1	1485	169
NC_003466.1	1486	169
NC_003466.1	1487	165
NC_003466.1	1488	166
NC_003466.1	1489	166
NC_003466.1	1490	166
NC_003466.1	1491	166
NC_003466.1	1492	155
NC_003466.1	1493	159
NC_003466.1	1494	160
NC_003466.1	1495	160
NC_003466.1	1496	160
NC_003466.1	1497	160
NC_003466.1	1498	158
NC_003466.1	1499	158
NC_003466.1	1500	158
NC_003466.1	1501	162
NC_003466.1	1502	160
NC_003466.1	1503	156
NC_003466.1	1504	156
NC_003466.1	1505	156
NC_003466.1	1506	156
NC_003466.1	1507	156
NC_003466.1	1508	156
NC_003466.1	1509	156
NC_003466.1	1510	155
NC_003466.1	1511	155
NC_003466.1	1512	155
NC_003466.1	1513	151
NC_003466.1	1514	156
NC_003466.1	1515	158
NC_003466.1	1516	158
NC_003466.1	1517	158
NC_003466.1	1518	161
NC_003466.1	1519	161
NC_003466.1	1520	161
NC_003466.1	1521	161
NC_003466.1	1522	161
NC_003466.1	1523	161
NC_003466.1	1524	156
NC_003466.1	1525	156
NC_003466.1	1526	154
NC_003466.1	1527	154
NC_003466.1	1528	154
NC_003466.1	1529	154
NC_003466.1	1530	154
NC_003466.1	1531	154
NC_003466.1	1532	154
NC_003466.1	1533	154
NC_003466.1	1534	152
NC_003466.1	1535	152
NC_003466.1	1536	152
NC_003466.1	1537	152
NC_003466.1	1538	152
NC_003466.1	1539	152
NC_003466.1	1540	150
NC_003466.1	1541	150
NC_003466.1	1542	150
NC_003466.1	1543	150
NC_003466.1	1544	150
NC_003466.1	1545	150
NC_003466.1	1546	150
NC_003466.1	1547	150
NC_003466.1	1548	147
NC_003466.1	1549	80
NC_003466.1	1550	72
NC_003466.1	1551	64
NC_003466.1	1552	63
NC_003466.1	1553	63
NC_003466.1	1554	63
NC_003466.1	1555	63
NC_003466.1	1556	74
NC_003466.1	1557	75
NC_003466.1	1558	75
NC_003466.1	1559	75
NC_003466.1	1560	75
NC_003466.1	1561	75
NC_003466.1	1562	75
NC_003466.1	1563	75
NC_003466.1	1564	75
NC_003466.1	1565	75
NC_003466.1	1566	74
NC_003466.1	1567	17
NC_003466.1	1568	73
NC_003466.1	1569	73
NC_003466.1	1570	73
NC_003466.1	1571	73
NC_003466.1	1572	58
NC_003466.1	1573	58
NC_003466.1	1574	58
NC_003466.1	1575	57
NC_003466.1	1576	57
NC_003466.1	1577	63
NC_003466.1	1578	63
NC_003466.1	1579	63
NC_003466.1	1580	63
NC_003466.1	1581	63
NC_003466.1	1582	65
NC_003466.1	1583	66
NC_003466.1	1584	66
NC_003466.1	1585	66
NC_003466.1	1586	66
NC_003466.1	1587	66
NC_003466.1	1588	66
NC_003466.1	1589	66
NC_003466.1	1590	66
NC_003466.1	1591	66
NC_003466.1	1592	66
NC_003466.1	1593	66
NC_003466.1	1594	66
NC_003466.1	1595	66
NC_003466.1	1596	66
NC_003466.1	1597	66
NC_003466.1	1598	66
NC_003466.1	1599	66
NC_003466.1	1600	66
NC_003466.1	1601	68
NC_003466.1	1602	68
NC_003466.1	1603	68
NC_003466.1	1604	68
NC_003466.1	1605	68
NC_003466.1	1606	68
NC_003466.1	1607	68
NC_003466.1	1608	69
NC_003466.1	1609	69
NC_003466.1	1610	69
NC_003466.1	1611	67
NC_003466.1	1612	67
NC_003466.1	1613	67
NC_003466.1	1614	67
NC_003466.1	1615	66
NC_003466.1	1616	66
NC_003466.1	1617	66
NC_003466.1	1618	66
NC_003466.1	1619	66
NC_003466.1	1620	66
NC_003466.1	1621	66
NC_003466.1	1622	66
NC_003466.1	1623	66
NC_003466.1	1624	66
NC_003466.1	1625	66
NC_003466.1	1626	66
NC_003466.1	1627	65
NC_003466.1	1628	65
NC_003466.1	1629	65
NC_003466.1	1630	65
NC_003466.1	1631	63
NC_003466.1	1632	59
NC_003466.1	1633	59
NC_003466.1	1634	59
NC_003466.1	1635	59
NC_003466.1	1636	59
NC_003466.1	1637	59
NC_003466.1	1638	59
NC_003466.1	1639	59
NC_003466.1	1640	59
NC_003466.1	1641	59
NC_003466.1	1642	59
NC_003466.1	1643	59
NC_003466.1	1644	59
NC_003466.1	1645	59
NC_003466.1	1646	59
NC_003466.1	1647	59
NC_003466.1	1648	59
NC_003466.1	1649	60
NC_003466.1	1650	60
NC_003466.1	1651	60
NC_003466.1	1652	60
NC_003466.1	1653	60
NC_003466.1	1654	60
NC_003466.1	1655	60
NC_003466.1	1656	60
NC_003466.1	1657	58
NC_003466.1	1658	58
NC_003466.1	1659	58
NC_003466.1	1660	58
NC_003466.1	1661	58
NC_003466.1	1662	58
NC_003466.1	1663	57
NC_003466.1	1664	57
NC_003466.1	1665	57
NC_003466.1	1666	57
NC_003466.1	1667	59
NC_003466.1	1668	59
NC_003466.1	1669	62
NC_003466.1	1670	62
NC_003466.1	1671	62
NC_003466.1	1672	66
NC_003466.1	1673	66
NC_003466.1	1674	68
NC_003466.1	1675	68
NC_003466.1	1676	65
NC_003466.1	1677	65
NC_003466.1	1678	61
NC_003466.1	1679	61
NC_003466.1	1680	61
NC_003466.1	1681	55
NC_003466.1	1682	55
NC_003466.1	1683	57
NC_003466.1	1684	57
NC_003466.1	1685	57
NC_003466.1	1686	57
NC_003466.1	1687	57
NC_003466.1	1688	55
NC_003466.1	1689	55
NC_003466.1	1690	55
NC_003466.1	1691	54
NC_003466.1	1692	53
NC_003466.1	1693	53
NC_003466.1	1694	48
NC_003466.1	1695	48
NC_003466.1	1696	44
NC_003466.1	1697	42
NC_003466.1	1698	42
NC_003466.1	1699	42
NC_003466.1	1700	40
NC_003466.1	1701	40
NC_003466.1	1702	40
NC_003466.1	1703	40
NC_003466.1	1704	40
NC_003466.1	1705	40
NC_003466.1	1706	40
NC_003466.1	1707	36
NC_003466.1	1708	38
NC_003466.1	1709	38
NC_003466.1	1710	38
NC_003466.1	1711	38
NC_003466.1	1712	36
NC_003466.1	1713	40
NC_003466.1	1714	40
NC_003466.1	1715	40
NC_003466.1	1716	40
NC_003466.1	1717	33
NC_003466.1	1718	33
NC_003466.1	1719	33
NC_003466.1	1720	33
NC_003466.1	1721	33
NC_003466.1	1722	33
NC_003466.1	1723	32
NC_003466.1	1724	30
NC_003466.1	1725	30
NC_003466.1	1726	29
NC_003466.1	1727	29
NC_003466.1	1728	29
NC_003466.1	1729	29
NC_003466.1	1730	29
NC_003466.1	1731	29
NC_003466.1	1732	29
NC_003466.1	1733	29
NC_003466.1	1734	29
NC_003466.1	1735	28
NC_003466.1	1736	28
NC_003466.1	1737	28
NC_003466.1	1738	28
NC_003466.1	1739	28
NC_003466.1	1740	28
NC_003466.1	1741	28
NC_003466.1	1742	28
NC_003466.1	1743	28
NC_003466.1	1744	28
NC_003466.1	1745	28
NC_003466.1	1746	28
NC_003466.1	1747	28
NC_003466.1	1748	28
NC_003466.1	1749	28
NC_003466.1	1750	28
NC_003466.1	1751	28
NC_003466.1	1752	28
NC_003466.1	1753	28
NC_003466.1	1754	28
NC_003466.1	1755	28
NC_003466.1	1756	28
NC_003466.1	1757	28
NC_003466.1	1758	28
NC_003466.1	1759	28
NC_003466.1	1760	28
NC_003466.1	1761	28
NC_003466.1	1762	28
NC_003466.1	1763	28
NC_003466.1	1764	28
NC_003466.1	1765	28
NC_003466.1	1766	28
NC_003466.1	1767	28
NC_003466.1	1768	28
NC_003466.1	1769	22
NC_003466.1	1770	22
NC_003466.1	1771	22
NC_003466.1	1772	20
NC_003466.1	1773	20
NC_003466.1	1774	14
NC_003466.1	1775	14
NC_003466.1	1776	7
NC_003466.1	1777	7
NC_003466.1	1778	7
NC_003466.1	1779	7
NC_003466.1	1780	7
NC_003466.1	1781	7
NC_003466.1	1782	7
NC_003466.1	1783	7
NC_003466.1	1784	5
NC_003466.1	1785	4
NC_003466.1	1786	4
NC_003466.1	1787	4
NC_003466.1	1788	4
NC_003466.1	1789	4
NC_003466.1	1790	4
NC_003466.1	1791	4
NC_003466.1	1792	4
NC_003466.1	1793	4
NC_003466.1	1794	4
NC_003466.1	1795	4
NC_003466.1	1796	4
NC_003466.1	1797	4
NC_003466.1	1798	4
NC_003466.1	1799	4
NC_003466.1	1800	4
NC_003466.1	1801	4
NC_003466.1	1802	4
NC_003466.1	1803	4
NC_003466.1	1804	4
NC_003466.1	1805	4
NC_003466.1	1806	4
NC_003466.1	1807	4
NC_003466.1	1808	4
NC_003466.1	1809	4
NC_003466.1	1810	4
NC_003466.1	1811	4
NC_003466.1	1812	4
NC_003466.1	1813	4
NC_003466.1	1814	0
NC_003466.1	1815	0
NC_003466.1	1816	0
NC_003466.1	1817	0
NC_003466.1	1818	0
NC_003466.1	1819	0
NC_003466.1	1820	0
NC_003466.1	1821	0
NC_003466.1	1822	0
NC_003466.1	1823	0
NC_003466.1	1824	0
NC_003466.1	1825	0
NC_003466.1	1826	0
NC_003466.1	1827	0
NC_003466.1	1828	0
NC_003466.1	1829	0
NC_003466.1	1830	0
NC_003466.1	1831	0
NC_003466.1	1832	0
NC_003466.1	1833	0
NC_003466.1	1834	0
NC_003466.1	1835	0
NC_003466.1	1836	0
NC_003466.1	1837	0
NC_003466.1	1838	0
NC_003466.1	1839	0
NC_003466.1	1840	0
NC_003466.1	1841	0
NC_003466.1	1842	0
NC_003466.1	1843	0
NC_003466.1	1844	0
NC_003466.1	1845	0
NC_003466.1	1846	0
NC_003466.1	1847	0
NC_003466.1	1848	0
NC_003466.1	1849	0
NC_003466.1	1850	0
NC_003466.1	1851	0
NC_003466.1	1852	0
NC_003466.1	1853	0
NC_003466.1	1854	0
NC_003466.1	1855	0
NC_003466.1	1856	0
NC_003466.1	1857	0
NC_003466.1	1858	0
NC_003466.1	1859	0
NC_003466.1	1860	0
NC_003466.1	1861	0
NC_003466.1	1862	0
NC_003466.1	1863	0
NC_003466.1	1864	0
NC_003466.1	1865	0
NC_003466.1	1866	0
NC_003466.1	1867	0
NC_003466.1	1868	0
NC_003466.1	1869	0
NC_003466.1	1870	0
NC_003466.1	1871	0
